cpu-bind=MAP  - nid00748, task  0  0 [3597607]: mask 0x1 set
cpu-bind=MAP  - nid00748, task  1  1 [3597608]: mask 0x2 set
cpu-bind=MAP  - nid00748, task  2  2 [3597609]: mask 0x4 set
cpu-bind=MAP  - nid00748, task  3  3 [3597610]: mask 0x8 set
cpu-bind=MAP  - nid00748, task  4  4 [3597611]: mask 0x10 set
cpu-bind=MAP  - nid00748, task  5  5 [3597612]: mask 0x20 set
cpu-bind=MAP  - nid00748, task  6  6 [3597613]: mask 0x40 set
cpu-bind=MAP  - nid00748, task  7  7 [3597614]: mask 0x80 set
cpu-bind=MAP  - nid00748, task  8  8 [3597615]: mask 0x100 set
cpu-bind=MAP  - nid00748, task  9  9 [3597616]: mask 0x200 set
cpu-bind=MAP  - nid00748, task 10 10 [3597617]: mask 0x400 set
cpu-bind=MAP  - nid00748, task 11 11 [3597618]: mask 0x800 set
cpu-bind=MAP  - nid00748, task 12 12 [3597619]: mask 0x1000 set
cpu-bind=MAP  - nid00748, task 13 13 [3597620]: mask 0x2000 set
cpu-bind=MAP  - nid00748, task 14 14 [3597621]: mask 0x4000 set
cpu-bind=MAP  - nid00748, task 15 15 [3597622]: mask 0x8000 set
cpu-bind=MAP  - nid00748, task 16 16 [3597623]: mask 0x10000 set
cpu-bind=MAP  - nid00748, task 17 17 [3597624]: mask 0x20000 set
cpu-bind=MAP  - nid00748, task 18 18 [3597625]: mask 0x40000 set
cpu-bind=MAP  - nid00748, task 19 19 [3597626]: mask 0x80000 set
cpu-bind=MAP  - nid00748, task 20 20 [3597627]: mask 0x100000 set
cpu-bind=MAP  - nid00748, task 21 21 [3597628]: mask 0x200000 set
cpu-bind=MAP  - nid00748, task 22 22 [3597629]: mask 0x400000 set
cpu-bind=MAP  - nid00748, task 23 23 [3597630]: mask 0x800000 set
cpu-bind=MAP  - nid00748, task 24 24 [3597631]: mask 0x1000000 set
cpu-bind=MAP  - nid00748, task 25 25 [3597632]: mask 0x2000000 set
cpu-bind=MAP  - nid00748, task 26 26 [3597633]: mask 0x4000000 set
cpu-bind=MAP  - nid00748, task 27 27 [3597634]: mask 0x8000000 set
cpu-bind=MAP  - nid00748, task 28 28 [3597635]: mask 0x10000000 set
cpu-bind=MAP  - nid00748, task 29 29 [3597636]: mask 0x20000000 set
cpu-bind=MAP  - nid00748, task 30 30 [3597637]: mask 0x40000000 set
cpu-bind=MAP  - nid00748, task 31 31 [3597638]: mask 0x80000000 set
cpu-bind=MAP  - nid00748, task 32 32 [3597639]: mask 0x100000000 set
cpu-bind=MAP  - nid00748, task 33 33 [3597640]: mask 0x200000000 set
cpu-bind=MAP  - nid00748, task 34 34 [3597641]: mask 0x400000000 set
cpu-bind=MAP  - nid00748, task 35 35 [3597642]: mask 0x800000000 set
cpu-bind=MAP  - nid00748, task 36 36 [3597643]: mask 0x1000000000 set
cpu-bind=MAP  - nid00748, task 37 37 [3597644]: mask 0x2000000000 set
cpu-bind=MAP  - nid00748, task 38 38 [3597645]: mask 0x4000000000 set
cpu-bind=MAP  - nid00748, task 39 39 [3597646]: mask 0x8000000000 set
cpu-bind=MAP  - nid00748, task 40 40 [3597647]: mask 0x10000000000 set
cpu-bind=MAP  - nid00748, task 41 41 [3597648]: mask 0x20000000000 set
cpu-bind=MAP  - nid00748, task 42 42 [3597649]: mask 0x40000000000 set
cpu-bind=MAP  - nid00748, task 43 43 [3597650]: mask 0x80000000000 set
cpu-bind=MAP  - nid00748, task 44 44 [3597651]: mask 0x100000000000 set
cpu-bind=MAP  - nid00748, task 45 45 [3597652]: mask 0x200000000000 set
cpu-bind=MAP  - nid00748, task 46 46 [3597653]: mask 0x400000000000 set
cpu-bind=MAP  - nid00748, task 47 47 [3597654]: mask 0x800000000000 set
cpu-bind=MAP  - nid00748, task 48 48 [3597655]: mask 0x1000000000000 set
cpu-bind=MAP  - nid00748, task 49 49 [3597656]: mask 0x2000000000000 set
cpu-bind=MAP  - nid00748, task 50 50 [3597657]: mask 0x4000000000000 set
cpu-bind=MAP  - nid00748, task 51 51 [3597658]: mask 0x8000000000000 set
cpu-bind=MAP  - nid00748, task 52 52 [3597659]: mask 0x10000000000000 set
cpu-bind=MAP  - nid00748, task 53 53 [3597660]: mask 0x20000000000000 set
cpu-bind=MAP  - nid00748, task 54 54 [3597661]: mask 0x40000000000000 set
cpu-bind=MAP  - nid00748, task 55 55 [3597662]: mask 0x80000000000000 set
cpu-bind=MAP  - nid00748, task 56 56 [3597663]: mask 0x100000000000000 set
cpu-bind=MAP  - nid00748, task 57 57 [3597664]: mask 0x200000000000000 set
cpu-bind=MAP  - nid00748, task 58 58 [3597665]: mask 0x400000000000000 set
cpu-bind=MAP  - nid00748, task 59 59 [3597666]: mask 0x800000000000000 set
cpu-bind=MAP  - nid00748, task 60 60 [3597667]: mask 0x1000000000000000 set
cpu-bind=MAP  - nid00748, task 61 61 [3597668]: mask 0x2000000000000000 set
cpu-bind=MAP  - nid00748, task 62 62 [3597669]: mask 0x4000000000000000 set
cpu-bind=MAP  - nid00748, task 63 63 [3597670]: mask 0x8000000000000000 set
cpu-bind=MAP  - nid00748, task 64 64 [3597671]: mask 0x10000000000000000 set
cpu-bind=MAP  - nid00748, task 65 65 [3597672]: mask 0x20000000000000000 set
cpu-bind=MAP  - nid00748, task 66 66 [3597673]: mask 0x40000000000000000 set
cpu-bind=MAP  - nid00748, task 67 67 [3597674]: mask 0x80000000000000000 set
cpu-bind=MAP  - nid00748, task 68 68 [3597675]: mask 0x100000000000000000 set
cpu-bind=MAP  - nid00748, task 69 69 [3597676]: mask 0x200000000000000000 set
cpu-bind=MAP  - nid00748, task 70 70 [3597677]: mask 0x400000000000000000 set
cpu-bind=MAP  - nid00748, task 71 71 [3597678]: mask 0x800000000000000000 set
cpu-bind=MAP  - nid00748, task 72 72 [3597679]: mask 0x1000000000000000000 set
cpu-bind=MAP  - nid00748, task 73 73 [3597680]: mask 0x2000000000000000000 set
cpu-bind=MAP  - nid00748, task 74 74 [3597681]: mask 0x4000000000000000000 set
cpu-bind=MAP  - nid00748, task 75 75 [3597682]: mask 0x8000000000000000000 set
cpu-bind=MAP  - nid00748, task 76 76 [3597683]: mask 0x10000000000000000000 set
cpu-bind=MAP  - nid00748, task 77 77 [3597684]: mask 0x20000000000000000000 set
cpu-bind=MAP  - nid00748, task 78 78 [3597685]: mask 0x40000000000000000000 set
cpu-bind=MAP  - nid00748, task 79 79 [3597686]: mask 0x80000000000000000000 set
cpu-bind=MAP  - nid00748, task 80 80 [3597687]: mask 0x100000000000000000000 set
cpu-bind=MAP  - nid00748, task 81 81 [3597688]: mask 0x200000000000000000000 set
cpu-bind=MAP  - nid00748, task 82 82 [3597689]: mask 0x400000000000000000000 set
cpu-bind=MAP  - nid00748, task 83 83 [3597690]: mask 0x800000000000000000000 set
cpu-bind=MAP  - nid00748, task 84 84 [3597691]: mask 0x1000000000000000000000 set
cpu-bind=MAP  - nid00748, task 85 85 [3597692]: mask 0x2000000000000000000000 set
cpu-bind=MAP  - nid00748, task 86 86 [3597693]: mask 0x4000000000000000000000 set
cpu-bind=MAP  - nid00748, task 87 87 [3597694]: mask 0x8000000000000000000000 set
cpu-bind=MAP  - nid00748, task 88 88 [3597695]: mask 0x10000000000000000000000 set
cpu-bind=MAP  - nid00748, task 89 89 [3597696]: mask 0x20000000000000000000000 set
cpu-bind=MAP  - nid00748, task 90 90 [3597697]: mask 0x40000000000000000000000 set
cpu-bind=MAP  - nid00748, task 91 91 [3597698]: mask 0x80000000000000000000000 set
cpu-bind=MAP  - nid00748, task 92 92 [3597699]: mask 0x100000000000000000000000 set
cpu-bind=MAP  - nid00748, task 93 93 [3597700]: mask 0x200000000000000000000000 set
cpu-bind=MAP  - nid00748, task 94 94 [3597701]: mask 0x400000000000000000000000 set
cpu-bind=MAP  - nid00748, task 95 95 [3597702]: mask 0x800000000000000000000000 set
cpu-bind=MAP  - nid00748, task 96 96 [3597703]: mask 0x1000000000000000000000000 set
cpu-bind=MAP  - nid00748, task 97 97 [3597704]: mask 0x2000000000000000000000000 set
cpu-bind=MAP  - nid00748, task 98 98 [3597705]: mask 0x4000000000000000000000000 set
cpu-bind=MAP  - nid00748, task 99 99 [3597706]: mask 0x8000000000000000000000000 set
cpu-bind=MAP  - nid00748, task 100 100 [3597707]: mask 0x10000000000000000000000000 set
cpu-bind=MAP  - nid00748, task 101 101 [3597708]: mask 0x20000000000000000000000000 set
cpu-bind=MAP  - nid00748, task 102 102 [3597709]: mask 0x40000000000000000000000000 set
cpu-bind=MAP  - nid00748, task 103 103 [3597710]: mask 0x80000000000000000000000000 set
cpu-bind=MAP  - nid00748, task 104 104 [3597711]: mask 0x100000000000000000000000000 set
cpu-bind=MAP  - nid00748, task 105 105 [3597712]: mask 0x200000000000000000000000000 set
cpu-bind=MAP  - nid00748, task 106 106 [3597713]: mask 0x400000000000000000000000000 set
cpu-bind=MAP  - nid00748, task 107 107 [3597714]: mask 0x800000000000000000000000000 set
cpu-bind=MAP  - nid00748, task 108 108 [3597715]: mask 0x1000000000000000000000000000 set
cpu-bind=MAP  - nid00748, task 109 109 [3597716]: mask 0x2000000000000000000000000000 set
cpu-bind=MAP  - nid00748, task 110 110 [3597717]: mask 0x4000000000000000000000000000 set
cpu-bind=MAP  - nid00748, task 111 111 [3597718]: mask 0x8000000000000000000000000000 set
cpu-bind=MAP  - nid00748, task 112 112 [3597719]: mask 0x10000000000000000000000000000 set
cpu-bind=MAP  - nid00748, task 113 113 [3597720]: mask 0x20000000000000000000000000000 set
cpu-bind=MAP  - nid00748, task 114 114 [3597721]: mask 0x40000000000000000000000000000 set
cpu-bind=MAP  - nid00748, task 115 115 [3597722]: mask 0x80000000000000000000000000000 set
cpu-bind=MAP  - nid00748, task 116 116 [3597723]: mask 0x100000000000000000000000000000 set
cpu-bind=MAP  - nid00748, task 117 117 [3597724]: mask 0x200000000000000000000000000000 set
cpu-bind=MAP  - nid00748, task 118 118 [3597725]: mask 0x400000000000000000000000000000 set
cpu-bind=MAP  - nid00748, task 119 119 [3597726]: mask 0x800000000000000000000000000000 set
cpu-bind=MAP  - nid00748, task 120 120 [3597727]: mask 0x1000000000000000000000000000000 set
cpu-bind=MAP  - nid00748, task 121 121 [3597728]: mask 0x2000000000000000000000000000000 set
cpu-bind=MAP  - nid00748, task 122 122 [3597729]: mask 0x4000000000000000000000000000000 set
cpu-bind=MAP  - nid00748, task 123 123 [3597730]: mask 0x8000000000000000000000000000000 set
cpu-bind=MAP  - nid00748, task 124 124 [3597731]: mask 0x10000000000000000000000000000000 set
cpu-bind=MAP  - nid00748, task 125 125 [3597732]: mask 0x20000000000000000000000000000000 set
cpu-bind=MAP  - nid00748, task 126 126 [3597733]: mask 0x40000000000000000000000000000000 set
cpu-bind=MAP  - nid00748, task 127 127 [3597734]: mask 0x80000000000000000000000000000000 set
cpu-bind=MAP  - nid00748, task 128 128 [3597735]: mask 0x100000000000000000000000000000000 set
cpu-bind=MAP  - nid00748, task 129 129 [3597736]: mask 0x200000000000000000000000000000000 set
cpu-bind=MAP  - nid00748, task 130 130 [3597737]: mask 0x400000000000000000000000000000000 set
cpu-bind=MAP  - nid00748, task 131 131 [3597738]: mask 0x800000000000000000000000000000000 set
cpu-bind=MAP  - nid00748, task 132 132 [3597739]: mask 0x1000000000000000000000000000000000 set
cpu-bind=MAP  - nid00748, task 133 133 [3597740]: mask 0x2000000000000000000000000000000000 set
cpu-bind=MAP  - nid00748, task 134 134 [3597741]: mask 0x4000000000000000000000000000000000 set
cpu-bind=MAP  - nid00748, task 135 135 [3597742]: mask 0x8000000000000000000000000000000000 set
cpu-bind=MAP  - nid00748, task 136 136 [3597743]: mask 0x10000000000000000000000000000000000 set
cpu-bind=MAP  - nid00748, task 137 137 [3597744]: mask 0x20000000000000000000000000000000000 set
cpu-bind=MAP  - nid00748, task 138 138 [3597745]: mask 0x40000000000000000000000000000000000 set
cpu-bind=MAP  - nid00748, task 139 139 [3597746]: mask 0x80000000000000000000000000000000000 set
cpu-bind=MAP  - nid00748, task 140 140 [3597747]: mask 0x100000000000000000000000000000000000 set
cpu-bind=MAP  - nid00748, task 141 141 [3597748]: mask 0x200000000000000000000000000000000000 set
cpu-bind=MAP  - nid00748, task 142 142 [3597749]: mask 0x400000000000000000000000000000000000 set
cpu-bind=MAP  - nid00748, task 143 143 [3597750]: mask 0x800000000000000000000000000000000000 set
cpu-bind=MAP  - nid00748, task 144 144 [3597751]: mask 0x1000000000000000000000000000000000000 set
cpu-bind=MAP  - nid00748, task 145 145 [3597752]: mask 0x2000000000000000000000000000000000000 set
cpu-bind=MAP  - nid00748, task 146 146 [3597753]: mask 0x4000000000000000000000000000000000000 set
cpu-bind=MAP  - nid00748, task 147 147 [3597754]: mask 0x8000000000000000000000000000000000000 set
cpu-bind=MAP  - nid00748, task 148 148 [3597755]: mask 0x10000000000000000000000000000000000000 set
cpu-bind=MAP  - nid00748, task 149 149 [3597756]: mask 0x20000000000000000000000000000000000000 set
cpu-bind=MAP  - nid00748, task 150 150 [3597757]: mask 0x40000000000000000000000000000000000000 set
cpu-bind=MAP  - nid00748, task 151 151 [3597758]: mask 0x80000000000000000000000000000000000000 set
cpu-bind=MAP  - nid00748, task 152 152 [3597759]: mask 0x100000000000000000000000000000000000000 set
cpu-bind=MAP  - nid00748, task 153 153 [3597760]: mask 0x200000000000000000000000000000000000000 set
cpu-bind=MAP  - nid00748, task 154 154 [3597761]: mask 0x400000000000000000000000000000000000000 set
cpu-bind=MAP  - nid00748, task 155 155 [3597762]: mask 0x800000000000000000000000000000000000000 set
cpu-bind=MAP  - nid00748, task 156 156 [3597763]: mask 0x1000000000000000000000000000000000000000 set
cpu-bind=MAP  - nid00748, task 157 157 [3597764]: mask 0x2000000000000000000000000000000000000000 set
cpu-bind=MAP  - nid00748, task 158 158 [3597765]: mask 0x4000000000000000000000000000000000000000 set
cpu-bind=MAP  - nid00748, task 159 159 [3597766]: mask 0x8000000000000000000000000000000000000000 set
cpu-bind=MAP  - nid00748, task 160 160 [3597767]: mask 0x10000000000000000000000000000000000000000 set
cpu-bind=MAP  - nid00748, task 161 161 [3597768]: mask 0x20000000000000000000000000000000000000000 set
cpu-bind=MAP  - nid00748, task 162 162 [3597769]: mask 0x40000000000000000000000000000000000000000 set
cpu-bind=MAP  - nid00748, task 163 163 [3597770]: mask 0x80000000000000000000000000000000000000000 set
cpu-bind=MAP  - nid00748, task 164 164 [3597771]: mask 0x100000000000000000000000000000000000000000 set
cpu-bind=MAP  - nid00748, task 165 165 [3597772]: mask 0x200000000000000000000000000000000000000000 set
cpu-bind=MAP  - nid00748, task 166 166 [3597773]: mask 0x400000000000000000000000000000000000000000 set
cpu-bind=MAP  - nid00748, task 167 167 [3597774]: mask 0x800000000000000000000000000000000000000000 set
cpu-bind=MAP  - nid00748, task 168 168 [3597775]: mask 0x1000000000000000000000000000000000000000000 set
cpu-bind=MAP  - nid00748, task 169 169 [3597776]: mask 0x2000000000000000000000000000000000000000000 set
cpu-bind=MAP  - nid00748, task 170 170 [3597777]: mask 0x4000000000000000000000000000000000000000000 set
cpu-bind=MAP  - nid00748, task 171 171 [3597778]: mask 0x8000000000000000000000000000000000000000000 set
cpu-bind=MAP  - nid00748, task 172 172 [3597779]: mask 0x10000000000000000000000000000000000000000000 set
cpu-bind=MAP  - nid00748, task 173 173 [3597780]: mask 0x20000000000000000000000000000000000000000000 set
cpu-bind=MAP  - nid00748, task 174 174 [3597781]: mask 0x40000000000000000000000000000000000000000000 set
cpu-bind=MAP  - nid00748, task 175 175 [3597782]: mask 0x80000000000000000000000000000000000000000000 set
cpu-bind=MAP  - nid00748, task 176 176 [3597783]: mask 0x100000000000000000000000000000000000000000000 set
cpu-bind=MAP  - nid00748, task 177 177 [3597784]: mask 0x200000000000000000000000000000000000000000000 set
cpu-bind=MAP  - nid00748, task 178 178 [3597785]: mask 0x400000000000000000000000000000000000000000000 set
cpu-bind=MAP  - nid00748, task 179 179 [3597786]: mask 0x800000000000000000000000000000000000000000000 set
cpu-bind=MAP  - nid00748, task 180 180 [3597787]: mask 0x1000000000000000000000000000000000000000000000 set
cpu-bind=MAP  - nid00748, task 181 181 [3597788]: mask 0x2000000000000000000000000000000000000000000000 set
cpu-bind=MAP  - nid00748, task 182 182 [3597789]: mask 0x4000000000000000000000000000000000000000000000 set
cpu-bind=MAP  - nid00748, task 183 183 [3597790]: mask 0x8000000000000000000000000000000000000000000000 set
cpu-bind=MAP  - nid00748, task 184 184 [3597791]: mask 0x10000000000000000000000000000000000000000000000 set
cpu-bind=MAP  - nid00748, task 185 185 [3597792]: mask 0x20000000000000000000000000000000000000000000000 set
cpu-bind=MAP  - nid00748, task 186 186 [3597793]: mask 0x40000000000000000000000000000000000000000000000 set
cpu-bind=MAP  - nid00748, task 187 187 [3597794]: mask 0x80000000000000000000000000000000000000000000000 set
cpu-bind=MAP  - nid00748, task 188 188 [3597795]: mask 0x100000000000000000000000000000000000000000000000 set
cpu-bind=MAP  - nid00748, task 189 189 [3597796]: mask 0x200000000000000000000000000000000000000000000000 set
cpu-bind=MAP  - nid00748, task 190 190 [3597797]: mask 0x400000000000000000000000000000000000000000000000 set
cpu-bind=MAP  - nid00748, task 191 191 [3597798]: mask 0x800000000000000000000000000000000000000000000000 set
 -----------------------------------------------------------------------------
|                     _     ____    _    _    _____     _                     |
|                    | |   |  _ \  | |  | |  / ____|   | |                    |
|                    | |   | |_) | | |  | | | |  __    | |                    |
|                    |_|   |  _ <  | |  | | | | |_ |   |_|                    |
|                     _    | |_) | | |__| | | |__| |    _                     |
|                    (_)   |____/   \____/   \_____|   (_)                    |
|                                                                             |
|     internal error in: nonlr.F  at line: 596                                |
|                                                                             |
|     REAL_OPTLAY: internal error (1) 5129636 5136156                         |
|                                                                             |
|     If you are not a developer, you should not encounter this problem.      |
|     Please submit a bug report.                                             |
|                                                                             |
 -----------------------------------------------------------------------------

 -----------------------------------------------------------------------------
|                     _     ____    _    _    _____     _                     |
|                    | |   |  _ \  | |  | |  / ____|   | |                    |
|                    | |   | |_) | | |  | | | |  __    | |                    |
|                    |_|   |  _ <  | |  | | | | |_ |   |_|                    |
|                     _    | |_) | | |__| | | |__| |    _                     |
|                    (_)   |____/   \____/   \_____|   (_)                    |
|                                                                             |
|     internal error in: nonlr.F  at line: 596                                |
|                                                                             |
|     REAL_OPTLAY: internal error (1) 5129636 5136156                         |
|                                                                             |
|     If you are not a developer, you should not encounter this problem.      |
|     Please submit a bug report.                                             |
|                                                                             |
 -----------------------------------------------------------------------------

 -----------------------------------------------------------------------------
|                     _     ____    _    _    _____     _                     |
|                    | |   |  _ \  | |  | |  / ____|   | |                    |
|                    | |   | |_) | | |  | | | |  __    | |                    |
|                    |_|   |  _ <  | |  | | | | |_ |   |_|                    |
|                     _    | |_) | | |__| | | |__| |    _                     |
|                    (_)   |____/   \____/   \_____|   (_)                    |
|                                                                             |
|     internal error in: nonlr.F  at line: 596                                |
|                                                                             |
|     REAL_OPTLAY: internal error (1) 5129636 5136156                         |
|                                                                             |
|     If you are not a developer, you should not encounter this problem.      |
|     Please submit a bug report.                                             |
|                                                                             |
 -----------------------------------------------------------------------------

 -----------------------------------------------------------------------------
|                     _     ____    _    _    _____     _                     |
|                    | |   |  _ \  | |  | |  / ____|   | |                    |
|                    | |   | |_) | | |  | | | |  __    | |                    |
|                    |_|   |  _ <  | |  | | | | |_ |   |_|                    |
|                     _    | |_) | | |__| | | |__| |    _                     |
|                    (_)   |____/   \____/   \_____|   (_)                    |
|                                                                             |
|     internal error in: nonlr.F  at line: 596                                |
|                                                                             |
|     REAL_OPTLAY: internal error (1) 5129636 5136156                         |
|                                                                             |
|     If you are not a developer, you should not encounter this problem.      |
|     Please submit a bug report.                                             |
|                                                                             |
 -----------------------------------------------------------------------------

 -----------------------------------------------------------------------------
|                     _     ____    _    _    _____     _                     |
|                    | |   |  _ \  | |  | |  / ____|   | |                    |
|                    | |   | |_) | | |  | | | |  __    | |                    |
|                    |_|   |  _ <  | |  | | | | |_ |   |_|                    |
|                     _    | |_) | | |__| | | |__| |    _                     |
|                    (_)   |____/   \____/   \_____|   (_)                    |
|                                                                             |
|     internal error in: nonlr.F  at line: 596                                |
|                                                                             |
|     REAL_OPTLAY: internal error (1) 5129636 5136156                         |
|                                                                             |
|     If you are not a developer, you should not encounter this problem.      |
|     Please submit a bug report.                                             |
|                                                                             |
 -----------------------------------------------------------------------------

 -----------------------------------------------------------------------------
|                     _     ____    _    _    _____     _                     |
|                    | |   |  _ \  | |  | |  / ____|   | |                    |
|                    | |   | |_) | | |  | | | |  __    | |                    |
|                    |_|   |  _ <  | |  | | | | |_ |   |_|                    |
|                     _    | |_) | | |__| | | |__| |    _                     |
|                    (_)   |____/   \____/   \_____|   (_)                    |
|                                                                             |
|     internal error in: nonlr.F  at line: 596                                |
|                                                                             |
|     REAL_OPTLAY: internal error (1) 5129636 5136156                         |
|                                                                             |
|     If you are not a developer, you should not encounter this problem.      |
|     Please submit a bug report.                                             |
|                                                                             |
 -----------------------------------------------------------------------------

 -----------------------------------------------------------------------------
|                     _     ____    _    _    _____     _                     |
|                    | |   |  _ \  | |  | |  / ____|   | |                    |
|                    | |   | |_) | | |  | | | |  __    | |                    |
|                    |_|   |  _ <  | |  | | | | |_ |   |_|                    |
|                     _    | |_) | | |__| | | |__| |    _                     |
|                    (_)   |____/   \____/   \_____|   (_)                    |
|                                                                             |
|     internal error in: nonlr.F  at line: 596                                |
|                                                                             |
|     REAL_OPTLAY: internal error (1) 5129636 5136156                         |
|                                                                             |
|     If you are not a developer, you should not encounter this problem.      |
|     Please submit a bug report.                                             |
|                                                                             |
 -----------------------------------------------------------------------------

 -----------------------------------------------------------------------------
|                     _     ____    _    _    _____     _                     |
|                    | |   |  _ \  | |  | |  / ____|   | |                    |
|                    | |   | |_) | | |  | | | |  __    | |                    |
|                    |_|   |  _ <  | |  | | | | |_ |   |_|                    |
|                     _    | |_) | | |__| | | |__| |    _                     |
|                    (_)   |____/   \____/   \_____|   (_)                    |
|                                                                             |
|     internal error in: nonlr.F  at line: 596                                |
|                                                                             |
|     REAL_OPTLAY: internal error (1) 5129636 5136156                         |
|                                                                             |
|     If you are not a developer, you should not encounter this problem.      |
|     Please submit a bug report.                                             |
|                                                                             |
 -----------------------------------------------------------------------------

 -----------------------------------------------------------------------------
|                     _     ____    _    _    _____     _                     |
|                    | |   |  _ \  | |  | |  / ____|   | |                    |
|                    | |   | |_) | | |  | | | |  __    | |                    |
|                    |_|   |  _ <  | |  | | | | |_ |   |_|                    |
|                     _    | |_) | | |__| | | |__| |    _                     |
|                    (_)   |____/   \____/   \_____|   (_)                    |
|                                                                             |
|     internal error in: nonlr.F  at line: 596                                |
|                                                                             |
|     REAL_OPTLAY: internal error (1) 5129636 5136156                         |
|                                                                             |
|     If you are not a developer, you should not encounter this problem.      |
|     Please submit a bug report.                                             |
|                                                                             |
 -----------------------------------------------------------------------------

 -----------------------------------------------------------------------------
|                     _     ____    _    _    _____     _                     |
|                    | |   |  _ \  | |  | |  / ____|   | |                    |
|                    | |   | |_) | | |  | | | |  __    | |                    |
|                    |_|   |  _ <  | |  | | | | |_ |   |_|                    |
|                     _    | |_) | | |__| | | |__| |    _                     |
|                    (_)   |____/   \____/   \_____|   (_)                    |
|                                                                             |
|     internal error in: nonlr.F  at line: 596                                |
|                                                                             |
|     REAL_OPTLAY: internal error (1) 5129636 5136156                         |
|                                                                             |
|     If you are not a developer, you should not encounter this problem.      |
|     Please submit a bug report.                                             |
|                                                                             |
 -----------------------------------------------------------------------------

 -----------------------------------------------------------------------------
|                     _     ____    _    _    _____     _                     |
|                    | |   |  _ \  | |  | |  / ____|   | |                    |
|                    | |   | |_) | | |  | | | |  __    | |                    |
|                    |_|   |  _ <  | |  | | | | |_ |   |_|                    |
|                     _    | |_) | | |__| | | |__| |    _                     |
|                    (_)   |____/   \____/   \_____|   (_)                    |
|                                                                             |
|     internal error in: nonlr.F  at line: 596                                |
|                                                                             |
|     REAL_OPTLAY: internal error (1) 5129636 5136156                         |
|                                                                             |
|     If you are not a developer, you should not encounter this problem.      |
|     Please submit a bug report.                                             |
|                                                                             |
 -----------------------------------------------------------------------------

 -----------------------------------------------------------------------------
|                     _     ____    _    _    _____     _                     |
|                    | |   |  _ \  | |  | |  / ____|   | |                    |
|                    | |   | |_) | | |  | | | |  __    | |                    |
|                    |_|   |  _ <  | |  | | | | |_ |   |_|                    |
|                     _    | |_) | | |__| | | |__| |    _                     |
|                    (_)   |____/   \____/   \_____|   (_)                    |
|                                                                             |
|     internal error in: nonlr.F  at line: 596                                |
|                                                                             |
|     REAL_OPTLAY: internal error (1) 5129636 5136156                         |
|                                                                             |
|     If you are not a developer, you should not encounter this problem.      |
|     Please submit a bug report.                                             |
|                                                                             |
 -----------------------------------------------------------------------------

 -----------------------------------------------------------------------------
|                     _     ____    _    _    _____     _                     |
|                    | |   |  _ \  | |  | |  / ____|   | |                    |
|                    | |   | |_) | | |  | | | |  __    | |                    |
|                    |_|   |  _ <  | |  | | | | |_ |   |_|                    |
|                     _    | |_) | | |__| | | |__| |    _                     |
|                    (_)   |____/   \____/   \_____|   (_)                    |
|                                                                             |
|     internal error in: nonlr.F  at line: 596                                |
|                                                                             |
|     REAL_OPTLAY: internal error (1) 5129636 5136156                         |
|                                                                             |
|     If you are not a developer, you should not encounter this problem.      |
|     Please submit a bug report.                                             |
|                                                                             |
 -----------------------------------------------------------------------------

 -----------------------------------------------------------------------------
|                     _     ____    _    _    _____     _                     |
|                    | |   |  _ \  | |  | |  / ____|   | |                    |
|                    | |   | |_) | | |  | | | |  __    | |                    |
|                    |_|   |  _ <  | |  | | | | |_ |   |_|                    |
|                     _    | |_) | | |__| | | |__| |    _                     |
|                    (_)   |____/   \____/   \_____|   (_)                    |
|                                                                             |
|     internal error in: nonlr.F  at line: 596                                |
|                                                                             |
|     REAL_OPTLAY: internal error (1) 5129636 5136156                         |
|                                                                             |
|     If you are not a developer, you should not encounter this problem.      |
|     Please submit a bug report.                                             |
|                                                                             |
 -----------------------------------------------------------------------------

 -----------------------------------------------------------------------------
|                     _     ____    _    _    _____     _                     |
|                    | |   |  _ \  | |  | |  / ____|   | |                    |
|                    | |   | |_) | | |  | | | |  __    | |                    |
|                    |_|   |  _ <  | |  | | | | |_ |   |_|                    |
|                     _    | |_) | | |__| | | |__| |    _                     |
|                    (_)   |____/   \____/   \_____|   (_)                    |
|                                                                             |
|     internal error in: nonlr.F  at line: 596                                |
|                                                                             |
|     REAL_OPTLAY: internal error (1) 5129636 5136156                         |
|                                                                             |
|     If you are not a developer, you should not encounter this problem.      |
|     Please submit a bug report.                                             |
|                                                                             |
 -----------------------------------------------------------------------------

 -----------------------------------------------------------------------------
|                     _     ____    _    _    _____     _                     |
|                    | |   |  _ \  | |  | |  / ____|   | |                    |
|                    | |   | |_) | | |  | | | |  __    | |                    |
|                    |_|   |  _ <  | |  | | | | |_ |   |_|                    |
|                     _    | |_) | | |__| | | |__| |    _                     |
|                    (_)   |____/   \____/   \_____|   (_)                    |
|                                                                             |
|     internal error in: nonlr.F  at line: 596                                |
|                                                                             |
|     REAL_OPTLAY: internal error (1) 5129636 5136156                         |
|                                                                             |
|     If you are not a developer, you should not encounter this problem.      |
|     Please submit a bug report.                                             |
|                                                                             |
 -----------------------------------------------------------------------------

 -----------------------------------------------------------------------------
|                     _     ____    _    _    _____     _                     |
|                    | |   |  _ \  | |  | |  / ____|   | |                    |
|                    | |   | |_) | | |  | | | |  __    | |                    |
|                    |_|   |  _ <  | |  | | | | |_ |   |_|                    |
|                     _    | |_) | | |__| | | |__| |    _                     |
|                    (_)   |____/   \____/   \_____|   (_)                    |
|                                                                             |
|     internal error in: nonlr.F  at line: 596                                |
|                                                                             |
|     REAL_OPTLAY: internal error (1) 5129636 5136156                         |
|                                                                             |
|     If you are not a developer, you should not encounter this problem.      |
|     Please submit a bug report.                                             |
|                                                                             |
 -----------------------------------------------------------------------------

 -----------------------------------------------------------------------------
|                     _     ____    _    _    _____     _                     |
|                    | |   |  _ \  | |  | |  / ____|   | |                    |
|                    | |   | |_) | | |  | | | |  __    | |                    |
|                    |_|   |  _ <  | |  | | | | |_ |   |_|                    |
|                     _    | |_) | | |__| | | |__| |    _                     |
|                    (_)   |____/   \____/   \_____|   (_)                    |
|                                                                             |
|     internal error in: nonlr.F  at line: 596                                |
|                                                                             |
|     REAL_OPTLAY: internal error (1) 5129636 5136156                         |
|                                                                             |
|     If you are not a developer, you should not encounter this problem.      |
|     Please submit a bug report.                                             |
|                                                                             |
 -----------------------------------------------------------------------------

 -----------------------------------------------------------------------------
|                     _     ____    _    _    _____     _                     |
|                    | |   |  _ \  | |  | |  / ____|   | |                    |
|                    | |   | |_) | | |  | | | |  __    | |                    |
|                    |_|   |  _ <  | |  | | | | |_ |   |_|                    |
|                     _    | |_) | | |__| | | |__| |    _                     |
|                    (_)   |____/   \____/   \_____|   (_)                    |
|                                                                             |
|     internal error in: nonlr.F  at line: 596                                |
|                                                                             |
|     REAL_OPTLAY: internal error (1) 5129636 5136156                         |
|                                                                             |
|     If you are not a developer, you should not encounter this problem.      |
|     Please submit a bug report.                                             |
|                                                                             |
 -----------------------------------------------------------------------------

 -----------------------------------------------------------------------------
|                     _     ____    _    _    _____     _                     |
|                    | |   |  _ \  | |  | |  / ____|   | |                    |
|                    | |   | |_) | | |  | | | |  __    | |                    |
|                    |_|   |  _ <  | |  | | | | |_ |   |_|                    |
|                     _    | |_) | | |__| | | |__| |    _                     |
|                    (_)   |____/   \____/   \_____|   (_)                    |
|                                                                             |
|     internal error in: nonlr.F  at line: 596                                |
|                                                                             |
|     REAL_OPTLAY: internal error (1) 5129636 5136156                         |
|                                                                             |
|     If you are not a developer, you should not encounter this problem.      |
|     Please submit a bug report.                                             |
|                                                                             |
 -----------------------------------------------------------------------------

 -----------------------------------------------------------------------------
|                     _     ____    _    _    _____     _                     |
|                    | |   |  _ \  | |  | |  / ____|   | |                    |
|                    | |   | |_) | | |  | | | |  __    | |                    |
|                    |_|   |  _ <  | |  | | | | |_ |   |_|                    |
|                     _    | |_) | | |__| | | |__| |    _                     |
|                    (_)   |____/   \____/   \_____|   (_)                    |
|                                                                             |
|     internal error in: nonlr.F  at line: 596                                |
|                                                                             |
|     REAL_OPTLAY: internal error (1) 5129636 5136156                         |
|                                                                             |
|     If you are not a developer, you should not encounter this problem.      |
|     Please submit a bug report.                                             |
|                                                                             |
 -----------------------------------------------------------------------------

 -----------------------------------------------------------------------------
|                     _     ____    _    _    _____     _                     |
|                    | |   |  _ \  | |  | |  / ____|   | |                    |
|                    | |   | |_) | | |  | | | |  __    | |                    |
|                    |_|   |  _ <  | |  | | | | |_ |   |_|                    |
|                     _    | |_) | | |__| | | |__| |    _                     |
|                    (_)   |____/   \____/   \_____|   (_)                    |
|                                                                             |
|     internal error in: nonlr.F  at line: 596                                |
|                                                                             |
|     REAL_OPTLAY: internal error (1) 5129636 5136156                         |
|                                                                             |
|     If you are not a developer, you should not encounter this problem.      |
|     Please submit a bug report.                                             |
|                                                                             |
 -----------------------------------------------------------------------------

 -----------------------------------------------------------------------------
|                     _     ____    _    _    _____     _                     |
|                    | |   |  _ \  | |  | |  / ____|   | |                    |
|                    | |   | |_) | | |  | | | |  __    | |                    |
|                    |_|   |  _ <  | |  | | | | |_ |   |_|                    |
|                     _    | |_) | | |__| | | |__| |    _                     |
|                    (_)   |____/   \____/   \_____|   (_)                    |
|                                                                             |
|     internal error in: nonlr.F  at line: 596                                |
|                                                                             |
|     REAL_OPTLAY: internal error (1) 5129636 5136156                         |
|                                                                             |
|     If you are not a developer, you should not encounter this problem.      |
|     Please submit a bug report.                                             |
|                                                                             |
 -----------------------------------------------------------------------------

 -----------------------------------------------------------------------------
|                     _     ____    _    _    _____     _                     |
|                    | |   |  _ \  | |  | |  / ____|   | |                    |
|                    | |   | |_) | | |  | | | |  __    | |                    |
|                    |_|   |  _ <  | |  | | | | |_ |   |_|                    |
|                     _    | |_) | | |__| | | |__| |    _                     |
|                    (_)   |____/   \____/   \_____|   (_)                    |
|                                                                             |
|     internal error in: nonlr.F  at line: 596                                |
|                                                                             |
|     REAL_OPTLAY: internal error (1) 5129636 5136156                         |
|                                                                             |
|     If you are not a developer, you should not encounter this problem.      |
|     Please submit a bug report.                                             |
|                                                                             |
 -----------------------------------------------------------------------------

 -----------------------------------------------------------------------------
|                     _     ____    _    _    _____     _                     |
|                    | |   |  _ \  | |  | |  / ____|   | |                    |
|                    | |   | |_) | | |  | | | |  __    | |                    |
|                    |_|   |  _ <  | |  | | | | |_ |   |_|                    |
|                     _    | |_) | | |__| | | |__| |    _                     |
|                    (_)   |____/   \____/   \_____|   (_)                    |
|                                                                             |
|     internal error in: nonlr.F  at line: 596                                |
|                                                                             |
|     REAL_OPTLAY: internal error (1) 5129636 5136156                         |
|                                                                             |
|     If you are not a developer, you should not encounter this problem.      |
|     Please submit a bug report.                                             |
|                                                                             |
 -----------------------------------------------------------------------------

 -----------------------------------------------------------------------------
|                     _     ____    _    _    _____     _                     |
|                    | |   |  _ \  | |  | |  / ____|   | |                    |
|                    | |   | |_) | | |  | | | |  __    | |                    |
|                    |_|   |  _ <  | |  | | | | |_ |   |_|                    |
|                     _    | |_) | | |__| | | |__| |    _                     |
|                    (_)   |____/   \____/   \_____|   (_)                    |
|                                                                             |
|     internal error in: nonlr.F  at line: 596                                |
|                                                                             |
|     REAL_OPTLAY: internal error (1) 5129636 5136156                         |
|                                                                             |
|     If you are not a developer, you should not encounter this problem.      |
|     Please submit a bug report.                                             |
|                                                                             |
 -----------------------------------------------------------------------------

 -----------------------------------------------------------------------------
|                     _     ____    _    _    _____     _                     |
|                    | |   |  _ \  | |  | |  / ____|   | |                    |
|                    | |   | |_) | | |  | | | |  __    | |                    |
|                    |_|   |  _ <  | |  | | | | |_ |   |_|                    |
|                     _    | |_) | | |__| | | |__| |    _                     |
|                    (_)   |____/   \____/   \_____|   (_)                    |
|                                                                             |
|     internal error in: nonlr.F  at line: 596                                |
|                                                                             |
|     REAL_OPTLAY: internal error (1) 5129636 5136156                         |
|                                                                             |
|     If you are not a developer, you should not encounter this problem.      |
|     Please submit a bug report.                                             |
|                                                                             |
 -----------------------------------------------------------------------------

 -----------------------------------------------------------------------------
|                     _     ____    _    _    _____     _                     |
|                    | |   |  _ \  | |  | |  / ____|   | |                    |
|                    | |   | |_) | | |  | | | |  __    | |                    |
|                    |_|   |  _ <  | |  | | | | |_ |   |_|                    |
|                     _    | |_) | | |__| | | |__| |    _                     |
|                    (_)   |____/   \____/   \_____|   (_)                    |
|                                                                             |
|     internal error in: nonlr.F  at line: 596                                |
|                                                                             |
|     REAL_OPTLAY: internal error (1) 5129636 5136156                         |
|                                                                             |
|     If you are not a developer, you should not encounter this problem.      |
|     Please submit a bug report.                                             |
|                                                                             |
 -----------------------------------------------------------------------------

 -----------------------------------------------------------------------------
|                     _     ____    _    _    _____     _                     |
|                    | |   |  _ \  | |  | |  / ____|   | |                    |
|                    | |   | |_) | | |  | | | |  __    | |                    |
|                    |_|   |  _ <  | |  | | | | |_ |   |_|                    |
|                     _    | |_) | | |__| | | |__| |    _                     |
|                    (_)   |____/   \____/   \_____|   (_)                    |
|                                                                             |
|     internal error in: nonlr.F  at line: 596                                |
|                                                                             |
|     REAL_OPTLAY: internal error (1) 5129636 5136156                         |
|                                                                             |
|     If you are not a developer, you should not encounter this problem.      |
|     Please submit a bug report.                                             |
|                                                                             |
 -----------------------------------------------------------------------------

 -----------------------------------------------------------------------------
|                     _     ____    _    _    _____     _                     |
|                    | |   |  _ \  | |  | |  / ____|   | |                    |
|                    | |   | |_) | | |  | | | |  __    | |                    |
|                    |_|   |  _ <  | |  | | | | |_ |   |_|                    |
|                     _    | |_) | | |__| | | |__| |    _                     |
|                    (_)   |____/   \____/   \_____|   (_)                    |
|                                                                             |
|     internal error in: nonlr.F  at line: 596                                |
|                                                                             |
|     REAL_OPTLAY: internal error (1) 5129636 5136156                         |
|                                                                             |
|     If you are not a developer, you should not encounter this problem.      |
|     Please submit a bug report.                                             |
|                                                                             |
 -----------------------------------------------------------------------------

 -----------------------------------------------------------------------------
|                     _     ____    _    _    _____     _                     |
|                    | |   |  _ \  | |  | |  / ____|   | |                    |
|                    | |   | |_) | | |  | | | |  __    | |                    |
|                    |_|   |  _ <  | |  | | | | |_ |   |_|                    |
|                     _    | |_) | | |__| | | |__| |    _                     |
|                    (_)   |____/   \____/   \_____|   (_)                    |
|                                                                             |
|     internal error in: nonlr.F  at line: 596                                |
|                                                                             |
|     REAL_OPTLAY: internal error (1) 5129636 5136156                         |
|                                                                             |
|     If you are not a developer, you should not encounter this problem.      |
|     Please submit a bug report.                                             |
|                                                                             |
 -----------------------------------------------------------------------------

 -----------------------------------------------------------------------------
|                     _     ____    _    _    _____     _                     |
|                    | |   |  _ \  | |  | |  / ____|   | |                    |
|                    | |   | |_) | | |  | | | |  __    | |                    |
|                    |_|   |  _ <  | |  | | | | |_ |   |_|                    |
|                     _    | |_) | | |__| | | |__| |    _                     |
|                    (_)   |____/   \____/   \_____|   (_)                    |
|                                                                             |
|     internal error in: nonlr.F  at line: 596                                |
|                                                                             |
|     REAL_OPTLAY: internal error (1) 5129636 5136156                         |
|                                                                             |
|     If you are not a developer, you should not encounter this problem.      |
|     Please submit a bug report.                                             |
|                                                                             |
 -----------------------------------------------------------------------------

 -----------------------------------------------------------------------------
|                     _     ____    _    _    _____     _                     |
|                    | |   |  _ \  | |  | |  / ____|   | |                    |
|                    | |   | |_) | | |  | | | |  __    | |                    |
|                    |_|   |  _ <  | |  | | | | |_ |   |_|                    |
|                     _    | |_) | | |__| | | |__| |    _                     |
|                    (_)   |____/   \____/   \_____|   (_)                    |
|                                                                             |
|     internal error in: nonlr.F  at line: 596                                |
|                                                                             |
|     REAL_OPTLAY: internal error (1) 5129636 5136156                         |
|                                                                             |
|     If you are not a developer, you should not encounter this problem.      |
|     Please submit a bug report.                                             |
|                                                                             |
 -----------------------------------------------------------------------------

 -----------------------------------------------------------------------------
|                     _     ____    _    _    _____     _                     |
|                    | |   |  _ \  | |  | |  / ____|   | |                    |
|                    | |   | |_) | | |  | | | |  __    | |                    |
|                    |_|   |  _ <  | |  | | | | |_ |   |_|                    |
|                     _    | |_) | | |__| | | |__| |    _                     |
|                    (_)   |____/   \____/   \_____|   (_)                    |
|                                                                             |
|     internal error in: nonlr.F  at line: 596                                |
|                                                                             |
|     REAL_OPTLAY: internal error (1) 5129636 5136156                         |
|                                                                             |
|     If you are not a developer, you should not encounter this problem.      |
|     Please submit a bug report.                                             |
|                                                                             |
 -----------------------------------------------------------------------------

 -----------------------------------------------------------------------------
|                     _     ____    _    _    _____     _                     |
|                    | |   |  _ \  | |  | |  / ____|   | |                    |
|                    | |   | |_) | | |  | | | |  __    | |                    |
|                    |_|   |  _ <  | |  | | | | |_ |   |_|                    |
|                     _    | |_) | | |__| | | |__| |    _                     |
|                    (_)   |____/   \____/   \_____|   (_)                    |
|                                                                             |
|     internal error in: nonlr.F  at line: 596                                |
|                                                                             |
|     REAL_OPTLAY: internal error (1) 5129636 5136156                         |
|                                                                             |
|     If you are not a developer, you should not encounter this problem.      |
|     Please submit a bug report.                                             |
|                                                                             |
 -----------------------------------------------------------------------------

 -----------------------------------------------------------------------------
|                     _     ____    _    _    _____     _                     |
|                    | |   |  _ \  | |  | |  / ____|   | |                    |
|                    | |   | |_) | | |  | | | |  __    | |                    |
|                    |_|   |  _ <  | |  | | | | |_ |   |_|                    |
|                     _    | |_) | | |__| | | |__| |    _                     |
|                    (_)   |____/   \____/   \_____|   (_)                    |
|                                                                             |
|     internal error in: nonlr.F  at line: 596                                |
|                                                                             |
|     REAL_OPTLAY: internal error (1) 5129636 5136156                         |
|                                                                             |
|     If you are not a developer, you should not encounter this problem.      |
|     Please submit a bug report.                                             |
|                                                                             |
 -----------------------------------------------------------------------------

 -----------------------------------------------------------------------------
|                     _     ____    _    _    _____     _                     |
|                    | |   |  _ \  | |  | |  / ____|   | |                    |
|                    | |   | |_) | | |  | | | |  __    | |                    |
|                    |_|   |  _ <  | |  | | | | |_ |   |_|                    |
|                     _    | |_) | | |__| | | |__| |    _                     |
|                    (_)   |____/   \____/   \_____|   (_)                    |
|                                                                             |
|     internal error in: nonlr.F  at line: 596                                |
|                                                                             |
|     REAL_OPTLAY: internal error (1) 5129636 5136156                         |
|                                                                             |
|     If you are not a developer, you should not encounter this problem.      |
|     Please submit a bug report.                                             |
|                                                                             |
 -----------------------------------------------------------------------------

 -----------------------------------------------------------------------------
|                     _     ____    _    _    _____     _                     |
|                    | |   |  _ \  | |  | |  / ____|   | |                    |
|                    | |   | |_) | | |  | | | |  __    | |                    |
|                    |_|   |  _ <  | |  | | | | |_ |   |_|                    |
|                     _    | |_) | | |__| | | |__| |    _                     |
|                    (_)   |____/   \____/   \_____|   (_)                    |
|                                                                             |
|     internal error in: nonlr.F  at line: 596                                |
|                                                                             |
|     REAL_OPTLAY: internal error (1) 5129636 5136156                         |
|                                                                             |
|     If you are not a developer, you should not encounter this problem.      |
|     Please submit a bug report.                                             |
|                                                                             |
 -----------------------------------------------------------------------------

 -----------------------------------------------------------------------------
|                     _     ____    _    _    _____     _                     |
|                    | |   |  _ \  | |  | |  / ____|   | |                    |
|                    | |   | |_) | | |  | | | |  __    | |                    |
|                    |_|   |  _ <  | |  | | | | |_ |   |_|                    |
|                     _    | |_) | | |__| | | |__| |    _                     |
|                    (_)   |____/   \____/   \_____|   (_)                    |
|                                                                             |
|     internal error in: nonlr.F  at line: 596                                |
|                                                                             |
|     REAL_OPTLAY: internal error (1) 5129636 5136156                         |
|                                                                             |
|     If you are not a developer, you should not encounter this problem.      |
|     Please submit a bug report.                                             |
|                                                                             |
 -----------------------------------------------------------------------------

 -----------------------------------------------------------------------------
|                     _     ____    _    _    _____     _                     |
|                    | |   |  _ \  | |  | |  / ____|   | |                    |
|                    | |   | |_) | | |  | | | |  __    | |                    |
|                    |_|   |  _ <  | |  | | | | |_ |   |_|                    |
|                     _    | |_) | | |__| | | |__| |    _                     |
|                    (_)   |____/   \____/   \_____|   (_)                    |
|                                                                             |
|     internal error in: nonlr.F  at line: 596                                |
|                                                                             |
|     REAL_OPTLAY: internal error (1) 5129636 5136156                         |
|                                                                             |
|     If you are not a developer, you should not encounter this problem.      |
|     Please submit a bug report.                                             |
|                                                                             |
 -----------------------------------------------------------------------------

 -----------------------------------------------------------------------------
|                     _     ____    _    _    _____     _                     |
|                    | |   |  _ \  | |  | |  / ____|   | |                    |
|                    | |   | |_) | | |  | | | |  __    | |                    |
|                    |_|   |  _ <  | |  | | | | |_ |   |_|                    |
|                     _    | |_) | | |__| | | |__| |    _                     |
|                    (_)   |____/   \____/   \_____|   (_)                    |
|                                                                             |
|     internal error in: nonlr.F  at line: 596                                |
|                                                                             |
|     REAL_OPTLAY: internal error (1) 5129636 5136156                         |
|                                                                             |
|     If you are not a developer, you should not encounter this problem.      |
|     Please submit a bug report.                                             |
|                                                                             |
 -----------------------------------------------------------------------------

 -----------------------------------------------------------------------------
|                     _     ____    _    _    _____     _                     |
|                    | |   |  _ \  | |  | |  / ____|   | |                    |
|                    | |   | |_) | | |  | | | |  __    | |                    |
|                    |_|   |  _ <  | |  | | | | |_ |   |_|                    |
|                     _    | |_) | | |__| | | |__| |    _                     |
|                    (_)   |____/   \____/   \_____|   (_)                    |
|                                                                             |
|     internal error in: nonlr.F  at line: 596                                |
|                                                                             |
|     REAL_OPTLAY: internal error (1) 5129636 5136156                         |
|                                                                             |
|     If you are not a developer, you should not encounter this problem.      |
|     Please submit a bug report.                                             |
|                                                                             |
 -----------------------------------------------------------------------------

 -----------------------------------------------------------------------------
|                     _     ____    _    _    _____     _                     |
|                    | |   |  _ \  | |  | |  / ____|   | |                    |
|                    | |   | |_) | | |  | | | |  __    | |                    |
|                    |_|   |  _ <  | |  | | | | |_ |   |_|                    |
|                     _    | |_) | | |__| | | |__| |    _                     |
|                    (_)   |____/   \____/   \_____|   (_)                    |
|                                                                             |
|     internal error in: nonlr.F  at line: 596                                |
|                                                                             |
|     REAL_OPTLAY: internal error (1) 5129636 5136156                         |
|                                                                             |
|     If you are not a developer, you should not encounter this problem.      |
|     Please submit a bug report.                                             |
|                                                                             |
 -----------------------------------------------------------------------------

 -----------------------------------------------------------------------------
|                     _     ____    _    _    _____     _                     |
|                    | |   |  _ \  | |  | |  / ____|   | |                    |
|                    | |   | |_) | | |  | | | |  __    | |                    |
|                    |_|   |  _ <  | |  | | | | |_ |   |_|                    |
|                     _    | |_) | | |__| | | |__| |    _                     |
|                    (_)   |____/   \____/   \_____|   (_)                    |
|                                                                             |
|     internal error in: nonlr.F  at line: 596                                |
|                                                                             |
|     REAL_OPTLAY: internal error (1) 5129636 5136156                         |
|                                                                             |
|     If you are not a developer, you should not encounter this problem.      |
|     Please submit a bug report.                                             |
|                                                                             |
 -----------------------------------------------------------------------------

 -----------------------------------------------------------------------------
|                     _     ____    _    _    _____     _                     |
|                    | |   |  _ \  | |  | |  / ____|   | |                    |
|                    | |   | |_) | | |  | | | |  __    | |                    |
|                    |_|   |  _ <  | |  | | | | |_ |   |_|                    |
|                     _    | |_) | | |__| | | |__| |    _                     |
|                    (_)   |____/   \____/   \_____|   (_)                    |
|                                                                             |
|     internal error in: nonlr.F  at line: 596                                |
|                                                                             |
|     REAL_OPTLAY: internal error (1) 5129636 5136156                         |
|                                                                             |
|     If you are not a developer, you should not encounter this problem.      |
|     Please submit a bug report.                                             |
|                                                                             |
 -----------------------------------------------------------------------------

 -----------------------------------------------------------------------------
|                     _     ____    _    _    _____     _                     |
|                    | |   |  _ \  | |  | |  / ____|   | |                    |
|                    | |   | |_) | | |  | | | |  __    | |                    |
|                    |_|   |  _ <  | |  | | | | |_ |   |_|                    |
|                     _    | |_) | | |__| | | |__| |    _                     |
|                    (_)   |____/   \____/   \_____|   (_)                    |
|                                                                             |
|     internal error in: nonlr.F  at line: 596                                |
|                                                                             |
|     REAL_OPTLAY: internal error (1) 5129636 5136156                         |
|                                                                             |
|     If you are not a developer, you should not encounter this problem.      |
|     Please submit a bug report.                                             |
|                                                                             |
 -----------------------------------------------------------------------------

 -----------------------------------------------------------------------------
|                     _     ____    _    _    _____     _                     |
|                    | |   |  _ \  | |  | |  / ____|   | |                    |
|                    | |   | |_) | | |  | | | |  __    | |                    |
|                    |_|   |  _ <  | |  | | | | |_ |   |_|                    |
|                     _    | |_) | | |__| | | |__| |    _                     |
|                    (_)   |____/   \____/   \_____|   (_)                    |
|                                                                             |
|     internal error in: nonlr.F  at line: 596                                |
|                                                                             |
|     REAL_OPTLAY: internal error (1) 5129636 5136156                         |
|                                                                             |
|     If you are not a developer, you should not encounter this problem.      |
|     Please submit a bug report.                                             |
|                                                                             |
 -----------------------------------------------------------------------------

 -----------------------------------------------------------------------------
|                     _     ____    _    _    _____     _                     |
|                    | |   |  _ \  | |  | |  / ____|   | |                    |
|                    | |   | |_) | | |  | | | |  __    | |                    |
|                    |_|   |  _ <  | |  | | | | |_ |   |_|                    |
|                     _    | |_) | | |__| | | |__| |    _                     |
|                    (_)   |____/   \____/   \_____|   (_)                    |
|                                                                             |
|     internal error in: nonlr.F  at line: 596                                |
|                                                                             |
|     REAL_OPTLAY: internal error (1) 5129636 5136156                         |
|                                                                             |
|     If you are not a developer, you should not encounter this problem.      |
|     Please submit a bug report.                                             |
|                                                                             |
 -----------------------------------------------------------------------------

 -----------------------------------------------------------------------------
|                     _     ____    _    _    _____     _                     |
|                    | |   |  _ \  | |  | |  / ____|   | |                    |
|                    | |   | |_) | | |  | | | |  __    | |                    |
|                    |_|   |  _ <  | |  | | | | |_ |   |_|                    |
|                     _    | |_) | | |__| | | |__| |    _                     |
|                    (_)   |____/   \____/   \_____|   (_)                    |
|                                                                             |
|     internal error in: nonlr.F  at line: 596                                |
|                                                                             |
|     REAL_OPTLAY: internal error (1) 5129636 5136156                         |
|                                                                             |
|     If you are not a developer, you should not encounter this problem.      |
|     Please submit a bug report.                                             |
|                                                                             |
 -----------------------------------------------------------------------------

 -----------------------------------------------------------------------------
|                     _     ____    _    _    _____     _                     |
|                    | |   |  _ \  | |  | |  / ____|   | |                    |
|                    | |   | |_) | | |  | | | |  __    | |                    |
|                    |_|   |  _ <  | |  | | | | |_ |   |_|                    |
|                     _    | |_) | | |__| | | |__| |    _                     |
|                    (_)   |____/   \____/   \_____|   (_)                    |
|                                                                             |
|     internal error in: nonlr.F  at line: 596                                |
|                                                                             |
|     REAL_OPTLAY: internal error (1) 5129636 5136156                         |
|                                                                             |
|     If you are not a developer, you should not encounter this problem.      |
|     Please submit a bug report.                                             |
|                                                                             |
 -----------------------------------------------------------------------------

 -----------------------------------------------------------------------------
|                     _     ____    _    _    _____     _                     |
|                    | |   |  _ \  | |  | |  / ____|   | |                    |
|                    | |   | |_) | | |  | | | |  __    | |                    |
|                    |_|   |  _ <  | |  | | | | |_ |   |_|                    |
|                     _    | |_) | | |__| | | |__| |    _                     |
|                    (_)   |____/   \____/   \_____|   (_)                    |
|                                                                             |
|     internal error in: nonlr.F  at line: 596                                |
|                                                                             |
|     REAL_OPTLAY: internal error (1) 5129636 5136156                         |
|                                                                             |
|     If you are not a developer, you should not encounter this problem.      |
|     Please submit a bug report.                                             |
|                                                                             |
 -----------------------------------------------------------------------------

 -----------------------------------------------------------------------------
|                     _     ____    _    _    _____     _                     |
|                    | |   |  _ \  | |  | |  / ____|   | |                    |
|                    | |   | |_) | | |  | | | |  __    | |                    |
|                    |_|   |  _ <  | |  | | | | |_ |   |_|                    |
|                     _    | |_) | | |__| | | |__| |    _                     |
|                    (_)   |____/   \____/   \_____|   (_)                    |
|                                                                             |
|     internal error in: nonlr.F  at line: 596                                |
|                                                                             |
|     REAL_OPTLAY: internal error (1) 5129636 5136156                         |
|                                                                             |
|     If you are not a developer, you should not encounter this problem.      |
|     Please submit a bug report.                                             |
|                                                                             |
 -----------------------------------------------------------------------------

 -----------------------------------------------------------------------------
|                     _     ____    _    _    _____     _                     |
|                    | |   |  _ \  | |  | |  / ____|   | |                    |
|                    | |   | |_) | | |  | | | |  __    | |                    |
|                    |_|   |  _ <  | |  | | | | |_ |   |_|                    |
|                     _    | |_) | | |__| | | |__| |    _                     |
|                    (_)   |____/   \____/   \_____|   (_)                    |
|                                                                             |
|     internal error in: nonlr.F  at line: 596                                |
|                                                                             |
|     REAL_OPTLAY: internal error (1) 5129636 5136156                         |
|                                                                             |
|     If you are not a developer, you should not encounter this problem.      |
|     Please submit a bug report.                                             |
|                                                                             |
 -----------------------------------------------------------------------------

 -----------------------------------------------------------------------------
|                     _     ____    _    _    _____     _                     |
|                    | |   |  _ \  | |  | |  / ____|   | |                    |
|                    | |   | |_) | | |  | | | |  __    | |                    |
|                    |_|   |  _ <  | |  | | | | |_ |   |_|                    |
|                     _    | |_) | | |__| | | |__| |    _                     |
|                    (_)   |____/   \____/   \_____|   (_)                    |
|                                                                             |
|     internal error in: nonlr.F  at line: 596                                |
|                                                                             |
|     REAL_OPTLAY: internal error (1) 5129636 5136156                         |
|                                                                             |
|     If you are not a developer, you should not encounter this problem.      |
|     Please submit a bug report.                                             |
|                                                                             |
 -----------------------------------------------------------------------------

 -----------------------------------------------------------------------------
|                     _     ____    _    _    _____     _                     |
|                    | |   |  _ \  | |  | |  / ____|   | |                    |
|                    | |   | |_) | | |  | | | |  __    | |                    |
|                    |_|   |  _ <  | |  | | | | |_ |   |_|                    |
|                     _    | |_) | | |__| | | |__| |    _                     |
|                    (_)   |____/   \____/   \_____|   (_)                    |
|                                                                             |
|     internal error in: nonlr.F  at line: 596                                |
|                                                                             |
|     REAL_OPTLAY: internal error (1) 5129636 5136156                         |
|                                                                             |
|     If you are not a developer, you should not encounter this problem.      |
|     Please submit a bug report.                                             |
|                                                                             |
 -----------------------------------------------------------------------------

 -----------------------------------------------------------------------------
|                     _     ____    _    _    _____     _                     |
|                    | |   |  _ \  | |  | |  / ____|   | |                    |
|                    | |   | |_) | | |  | | | |  __    | |                    |
|                    |_|   |  _ <  | |  | | | | |_ |   |_|                    |
|                     _    | |_) | | |__| | | |__| |    _                     |
|                    (_)   |____/   \____/   \_____|   (_)                    |
|                                                                             |
|     internal error in: nonlr.F  at line: 596                                |
|                                                                             |
|     REAL_OPTLAY: internal error (1) 5129636 5136156                         |
|                                                                             |
|     If you are not a developer, you should not encounter this problem.      |
|     Please submit a bug report.                                             |
|                                                                             |
 -----------------------------------------------------------------------------

 -----------------------------------------------------------------------------
|                     _     ____    _    _    _____     _                     |
|                    | |   |  _ \  | |  | |  / ____|   | |                    |
|                    | |   | |_) | | |  | | | |  __    | |                    |
|                    |_|   |  _ <  | |  | | | | |_ |   |_|                    |
|                     _    | |_) | | |__| | | |__| |    _                     |
|                    (_)   |____/   \____/   \_____|   (_)                    |
|                                                                             |
|     internal error in: nonlr.F  at line: 596                                |
|                                                                             |
|     REAL_OPTLAY: internal error (1) 5129636 5136156                         |
|                                                                             |
|     If you are not a developer, you should not encounter this problem.      |
|     Please submit a bug report.                                             |
|                                                                             |
 -----------------------------------------------------------------------------

 -----------------------------------------------------------------------------
|                     _     ____    _    _    _____     _                     |
|                    | |   |  _ \  | |  | |  / ____|   | |                    |
|                    | |   | |_) | | |  | | | |  __    | |                    |
|                    |_|   |  _ <  | |  | | | | |_ |   |_|                    |
|                     _    | |_) | | |__| | | |__| |    _                     |
|                    (_)   |____/   \____/   \_____|   (_)                    |
|                                                                             |
|     internal error in: nonlr.F  at line: 596                                |
|                                                                             |
|     REAL_OPTLAY: internal error (1) 5129636 5136156                         |
|                                                                             |
|     If you are not a developer, you should not encounter this problem.      |
|     Please submit a bug report.                                             |
|                                                                             |
 -----------------------------------------------------------------------------

 -----------------------------------------------------------------------------
|                     _     ____    _    _    _____     _                     |
|                    | |   |  _ \  | |  | |  / ____|   | |                    |
|                    | |   | |_) | | |  | | | |  __    | |                    |
|                    |_|   |  _ <  | |  | | | | |_ |   |_|                    |
|                     _    | |_) | | |__| | | |__| |    _                     |
|                    (_)   |____/   \____/   \_____|   (_)                    |
|                                                                             |
|     internal error in: nonlr.F  at line: 596                                |
|                                                                             |
|     REAL_OPTLAY: internal error (1) 5129636 5136156                         |
|                                                                             |
|     If you are not a developer, you should not encounter this problem.      |
|     Please submit a bug report.                                             |
|                                                                             |
 -----------------------------------------------------------------------------

 -----------------------------------------------------------------------------
|                     _     ____    _    _    _____     _                     |
|                    | |   |  _ \  | |  | |  / ____|   | |                    |
|                    | |   | |_) | | |  | | | |  __    | |                    |
|                    |_|   |  _ <  | |  | | | | |_ |   |_|                    |
|                     _    | |_) | | |__| | | |__| |    _                     |
|                    (_)   |____/   \____/   \_____|   (_)                    |
|                                                                             |
|     internal error in: nonlr.F  at line: 596                                |
|                                                                             |
|     REAL_OPTLAY: internal error (1) 5129636 5136156                         |
|                                                                             |
|     If you are not a developer, you should not encounter this problem.      |
|     Please submit a bug report.                                             |
|                                                                             |
 -----------------------------------------------------------------------------

 -----------------------------------------------------------------------------
|                     _     ____    _    _    _____     _                     |
|                    | |   |  _ \  | |  | |  / ____|   | |                    |
|                    | |   | |_) | | |  | | | |  __    | |                    |
|                    |_|   |  _ <  | |  | | | | |_ |   |_|                    |
|                     _    | |_) | | |__| | | |__| |    _                     |
|                    (_)   |____/   \____/   \_____|   (_)                    |
|                                                                             |
|     internal error in: nonlr.F  at line: 596                                |
|                                                                             |
|     REAL_OPTLAY: internal error (1) 5129636 5136156                         |
|                                                                             |
|     If you are not a developer, you should not encounter this problem.      |
|     Please submit a bug report.                                             |
|                                                                             |
 -----------------------------------------------------------------------------

 -----------------------------------------------------------------------------
|                     _     ____    _    _    _____     _                     |
|                    | |   |  _ \  | |  | |  / ____|   | |                    |
|                    | |   | |_) | | |  | | | |  __    | |                    |
|                    |_|   |  _ <  | |  | | | | |_ |   |_|                    |
|                     _    | |_) | | |__| | | |__| |    _                     |
|                    (_)   |____/   \____/   \_____|   (_)                    |
|                                                                             |
|     internal error in: nonlr.F  at line: 596                                |
|                                                                             |
|     REAL_OPTLAY: internal error (1) 5129636 5136156                         |
|                                                                             |
|     If you are not a developer, you should not encounter this problem.      |
|     Please submit a bug report.                                             |
|                                                                             |
 -----------------------------------------------------------------------------

 -----------------------------------------------------------------------------
|                     _     ____    _    _    _____     _                     |
|                    | |   |  _ \  | |  | |  / ____|   | |                    |
|                    | |   | |_) | | |  | | | |  __    | |                    |
|                    |_|   |  _ <  | |  | | | | |_ |   |_|                    |
|                     _    | |_) | | |__| | | |__| |    _                     |
|                    (_)   |____/   \____/   \_____|   (_)                    |
|                                                                             |
|     internal error in: nonlr.F  at line: 596                                |
|                                                                             |
|     REAL_OPTLAY: internal error (1) 5129636 5136156                         |
|                                                                             |
|     If you are not a developer, you should not encounter this problem.      |
|     Please submit a bug report.                                             |
|                                                                             |
 -----------------------------------------------------------------------------

 -----------------------------------------------------------------------------
|                     _     ____    _    _    _____     _                     |
|                    | |   |  _ \  | |  | |  / ____|   | |                    |
|                    | |   | |_) | | |  | | | |  __    | |                    |
|                    |_|   |  _ <  | |  | | | | |_ |   |_|                    |
|                     _    | |_) | | |__| | | |__| |    _                     |
|                    (_)   |____/   \____/   \_____|   (_)                    |
|                                                                             |
|     internal error in: nonlr.F  at line: 596                                |
|                                                                             |
|     REAL_OPTLAY: internal error (1) 5129636 5136156                         |
|                                                                             |
|     If you are not a developer, you should not encounter this problem.      |
|     Please submit a bug report.                                             |
|                                                                             |
 -----------------------------------------------------------------------------

 -----------------------------------------------------------------------------
|                     _     ____    _    _    _____     _                     |
|                    | |   |  _ \  | |  | |  / ____|   | |                    |
|                    | |   | |_) | | |  | | | |  __    | |                    |
|                    |_|   |  _ <  | |  | | | | |_ |   |_|                    |
|                     _    | |_) | | |__| | | |__| |    _                     |
|                    (_)   |____/   \____/   \_____|   (_)                    |
|                                                                             |
|     internal error in: nonlr.F  at line: 596                                |
|                                                                             |
|     REAL_OPTLAY: internal error (1) 5129636 5136156                         |
|                                                                             |
|     If you are not a developer, you should not encounter this problem.      |
|     Please submit a bug report.                                             |
|                                                                             |
 -----------------------------------------------------------------------------

 -----------------------------------------------------------------------------
|                     _     ____    _    _    _____     _                     |
|                    | |   |  _ \  | |  | |  / ____|   | |                    |
|                    | |   | |_) | | |  | | | |  __    | |                    |
|                    |_|   |  _ <  | |  | | | | |_ |   |_|                    |
|                     _    | |_) | | |__| | | |__| |    _                     |
|                    (_)   |____/   \____/   \_____|   (_)                    |
|                                                                             |
|     internal error in: nonlr.F  at line: 596                                |
|                                                                             |
|     REAL_OPTLAY: internal error (1) 5129636 5136156                         |
|                                                                             |
|     If you are not a developer, you should not encounter this problem.      |
|     Please submit a bug report.                                             |
|                                                                             |
 -----------------------------------------------------------------------------

 -----------------------------------------------------------------------------
|                     _     ____    _    _    _____     _                     |
|                    | |   |  _ \  | |  | |  / ____|   | |                    |
|                    | |   | |_) | | |  | | | |  __    | |                    |
|                    |_|   |  _ <  | |  | | | | |_ |   |_|                    |
|                     _    | |_) | | |__| | | |__| |    _                     |
|                    (_)   |____/   \____/   \_____|   (_)                    |
|                                                                             |
|     internal error in: nonlr.F  at line: 596                                |
|                                                                             |
|     REAL_OPTLAY: internal error (1) 5129636 5136156                         |
|                                                                             |
|     If you are not a developer, you should not encounter this problem.      |
|     Please submit a bug report.                                             |
|                                                                             |
 -----------------------------------------------------------------------------

 -----------------------------------------------------------------------------
|                     _     ____    _    _    _____     _                     |
|                    | |   |  _ \  | |  | |  / ____|   | |                    |
|                    | |   | |_) | | |  | | | |  __    | |                    |
|                    |_|   |  _ <  | |  | | | | |_ |   |_|                    |
|                     _    | |_) | | |__| | | |__| |    _                     |
|                    (_)   |____/   \____/   \_____|   (_)                    |
|                                                                             |
|     internal error in: nonlr.F  at line: 596                                |
|                                                                             |
|     REAL_OPTLAY: internal error (1) 5129636 5136156                         |
|                                                                             |
|     If you are not a developer, you should not encounter this problem.      |
|     Please submit a bug report.                                             |
|                                                                             |
 -----------------------------------------------------------------------------

 -----------------------------------------------------------------------------
|                     _     ____    _    _    _____     _                     |
|                    | |   |  _ \  | |  | |  / ____|   | |                    |
|                    | |   | |_) | | |  | | | |  __    | |                    |
|                    |_|   |  _ <  | |  | | | | |_ |   |_|                    |
|                     _    | |_) | | |__| | | |__| |    _                     |
|                    (_)   |____/   \____/   \_____|   (_)                    |
|                                                                             |
|     internal error in: nonlr.F  at line: 596                                |
|                                                                             |
|     REAL_OPTLAY: internal error (1) 5129636 5136156                         |
|                                                                             |
|     If you are not a developer, you should not encounter this problem.      |
|     Please submit a bug report.                                             |
|                                                                             |
 -----------------------------------------------------------------------------

 -----------------------------------------------------------------------------
|                     _     ____    _    _    _____     _                     |
|                    | |   |  _ \  | |  | |  / ____|   | |                    |
|                    | |   | |_) | | |  | | | |  __    | |                    |
|                    |_|   |  _ <  | |  | | | | |_ |   |_|                    |
|                     _    | |_) | | |__| | | |__| |    _                     |
|                    (_)   |____/   \____/   \_____|   (_)                    |
|                                                                             |
|     internal error in: nonlr.F  at line: 596                                |
|                                                                             |
|     REAL_OPTLAY: internal error (1) 5129636 5136156                         |
|                                                                             |
|     If you are not a developer, you should not encounter this problem.      |
|     Please submit a bug report.                                             |
|                                                                             |
 -----------------------------------------------------------------------------

 -----------------------------------------------------------------------------
|                     _     ____    _    _    _____     _                     |
|                    | |   |  _ \  | |  | |  / ____|   | |                    |
|                    | |   | |_) | | |  | | | |  __    | |                    |
|                    |_|   |  _ <  | |  | | | | |_ |   |_|                    |
|                     _    | |_) | | |__| | | |__| |    _                     |
|                    (_)   |____/   \____/   \_____|   (_)                    |
|                                                                             |
|     internal error in: nonlr.F  at line: 596                                |
|                                                                             |
|     REAL_OPTLAY: internal error (1) 5129636 5136156                         |
|                                                                             |
|     If you are not a developer, you should not encounter this problem.      |
|     Please submit a bug report.                                             |
|                                                                             |
 -----------------------------------------------------------------------------

 -----------------------------------------------------------------------------
|                     _     ____    _    _    _____     _                     |
|                    | |   |  _ \  | |  | |  / ____|   | |                    |
|                    | |   | |_) | | |  | | | |  __    | |                    |
|                    |_|   |  _ <  | |  | | | | |_ |   |_|                    |
|                     _    | |_) | | |__| | | |__| |    _                     |
|                    (_)   |____/   \____/   \_____|   (_)                    |
|                                                                             |
|     internal error in: nonlr.F  at line: 596                                |
|                                                                             |
|     REAL_OPTLAY: internal error (1) 5129636 5136156                         |
|                                                                             |
|     If you are not a developer, you should not encounter this problem.      |
|     Please submit a bug report.                                             |
|                                                                             |
 -----------------------------------------------------------------------------

 -----------------------------------------------------------------------------
|                     _     ____    _    _    _____     _                     |
|                    | |   |  _ \  | |  | |  / ____|   | |                    |
|                    | |   | |_) | | |  | | | |  __    | |                    |
|                    |_|   |  _ <  | |  | | | | |_ |   |_|                    |
|                     _    | |_) | | |__| | | |__| |    _                     |
|                    (_)   |____/   \____/   \_____|   (_)                    |
|                                                                             |
|     internal error in: nonlr.F  at line: 596                                |
|                                                                             |
|     REAL_OPTLAY: internal error (1) 5129636 5136156                         |
|                                                                             |
|     If you are not a developer, you should not encounter this problem.      |
|     Please submit a bug report.                                             |
|                                                                             |
 -----------------------------------------------------------------------------

 -----------------------------------------------------------------------------
|                     _     ____    _    _    _____     _                     |
|                    | |   |  _ \  | |  | |  / ____|   | |                    |
|                    | |   | |_) | | |  | | | |  __    | |                    |
|                    |_|   |  _ <  | |  | | | | |_ |   |_|                    |
|                     _    | |_) | | |__| | | |__| |    _                     |
|                    (_)   |____/   \____/   \_____|   (_)                    |
|                                                                             |
|     internal error in: nonlr.F  at line: 596                                |
|                                                                             |
|     REAL_OPTLAY: internal error (1) 5129636 5136156                         |
|                                                                             |
|     If you are not a developer, you should not encounter this problem.      |
|     Please submit a bug report.                                             |
|                                                                             |
 -----------------------------------------------------------------------------

 -----------------------------------------------------------------------------
|                     _     ____    _    _    _____     _                     |
|                    | |   |  _ \  | |  | |  / ____|   | |                    |
|                    | |   | |_) | | |  | | | |  __    | |                    |
|                    |_|   |  _ <  | |  | | | | |_ |   |_|                    |
|                     _    | |_) | | |__| | | |__| |    _                     |
|                    (_)   |____/   \____/   \_____|   (_)                    |
|                                                                             |
|     internal error in: nonlr.F  at line: 596                                |
|                                                                             |
|     REAL_OPTLAY: internal error (1) 5129636 5136156                         |
|                                                                             |
|     If you are not a developer, you should not encounter this problem.      |
|     Please submit a bug report.                                             |
|                                                                             |
 -----------------------------------------------------------------------------

 -----------------------------------------------------------------------------
|                     _     ____    _    _    _____     _                     |
|                    | |   |  _ \  | |  | |  / ____|   | |                    |
|                    | |   | |_) | | |  | | | |  __    | |                    |
|                    |_|   |  _ <  | |  | | | | |_ |   |_|                    |
|                     _    | |_) | | |__| | | |__| |    _                     |
|                    (_)   |____/   \____/   \_____|   (_)                    |
|                                                                             |
|     internal error in: nonlr.F  at line: 596                                |
|                                                                             |
|     REAL_OPTLAY: internal error (1) 5129636 5136156                         |
|                                                                             |
|     If you are not a developer, you should not encounter this problem.      |
|     Please submit a bug report.                                             |
|                                                                             |
 -----------------------------------------------------------------------------

 -----------------------------------------------------------------------------
|                     _     ____    _    _    _____     _                     |
|                    | |   |  _ \  | |  | |  / ____|   | |                    |
|                    | |   | |_) | | |  | | | |  __    | |                    |
|                    |_|   |  _ <  | |  | | | | |_ |   |_|                    |
|                     _    | |_) | | |__| | | |__| |    _                     |
|                    (_)   |____/   \____/   \_____|   (_)                    |
|                                                                             |
|     internal error in: nonlr.F  at line: 596                                |
|                                                                             |
|     REAL_OPTLAY: internal error (1) 5129636 5136156                         |
|                                                                             |
|     If you are not a developer, you should not encounter this problem.      |
|     Please submit a bug report.                                             |
|                                                                             |
 -----------------------------------------------------------------------------

 -----------------------------------------------------------------------------
|                     _     ____    _    _    _____     _                     |
|                    | |   |  _ \  | |  | |  / ____|   | |                    |
|                    | |   | |_) | | |  | | | |  __    | |                    |
|                    |_|   |  _ <  | |  | | | | |_ |   |_|                    |
|                     _    | |_) | | |__| | | |__| |    _                     |
|                    (_)   |____/   \____/   \_____|   (_)                    |
|                                                                             |
|     internal error in: nonlr.F  at line: 596                                |
|                                                                             |
|     REAL_OPTLAY: internal error (1) 5129636 5136156                         |
|                                                                             |
|     If you are not a developer, you should not encounter this problem.      |
|     Please submit a bug report.                                             |
|                                                                             |
 -----------------------------------------------------------------------------

 -----------------------------------------------------------------------------
|                     _     ____    _    _    _____     _                     |
|                    | |   |  _ \  | |  | |  / ____|   | |                    |
|                    | |   | |_) | | |  | | | |  __    | |                    |
|                    |_|   |  _ <  | |  | | | | |_ |   |_|                    |
|                     _    | |_) | | |__| | | |__| |    _                     |
|                    (_)   |____/   \____/   \_____|   (_)                    |
|                                                                             |
|     internal error in: nonlr.F  at line: 596                                |
|                                                                             |
|     REAL_OPTLAY: internal error (1) 5129636 5136156                         |
|                                                                             |
|     If you are not a developer, you should not encounter this problem.      |
|     Please submit a bug report.                                             |
|                                                                             |
 -----------------------------------------------------------------------------

 -----------------------------------------------------------------------------
|                     _     ____    _    _    _____     _                     |
|                    | |   |  _ \  | |  | |  / ____|   | |                    |
|                    | |   | |_) | | |  | | | |  __    | |                    |
|                    |_|   |  _ <  | |  | | | | |_ |   |_|                    |
|                     _    | |_) | | |__| | | |__| |    _                     |
|                    (_)   |____/   \____/   \_____|   (_)                    |
|                                                                             |
|     internal error in: nonlr.F  at line: 596                                |
|                                                                             |
|     REAL_OPTLAY: internal error (1) 5129636 5136156                         |
|                                                                             |
|     If you are not a developer, you should not encounter this problem.      |
|     Please submit a bug report.                                             |
|                                                                             |
 -----------------------------------------------------------------------------

 -----------------------------------------------------------------------------
|                     _     ____    _    _    _____     _                     |
|                    | |   |  _ \  | |  | |  / ____|   | |                    |
|                    | |   | |_) | | |  | | | |  __    | |                    |
|                    |_|   |  _ <  | |  | | | | |_ |   |_|                    |
|                     _    | |_) | | |__| | | |__| |    _                     |
|                    (_)   |____/   \____/   \_____|   (_)                    |
|                                                                             |
|     internal error in: nonlr.F  at line: 596                                |
|                                                                             |
|     REAL_OPTLAY: internal error (1) 5129636 5136156                         |
|                                                                             |
|     If you are not a developer, you should not encounter this problem.      |
|     Please submit a bug report.                                             |
|                                                                             |
 -----------------------------------------------------------------------------

 -----------------------------------------------------------------------------
|                     _     ____    _    _    _____     _                     |
|                    | |   |  _ \  | |  | |  / ____|   | |                    |
|                    | |   | |_) | | |  | | | |  __    | |                    |
|                    |_|   |  _ <  | |  | | | | |_ |   |_|                    |
|                     _    | |_) | | |__| | | |__| |    _                     |
|                    (_)   |____/   \____/   \_____|   (_)                    |
|                                                                             |
|     internal error in: nonlr.F  at line: 596                                |
|                                                                             |
|     REAL_OPTLAY: internal error (1) 5129636 5136156                         |
|                                                                             |
|     If you are not a developer, you should not encounter this problem.      |
|     Please submit a bug report.                                             |
|                                                                             |
 -----------------------------------------------------------------------------

 -----------------------------------------------------------------------------
|                     _     ____    _    _    _____     _                     |
|                    | |   |  _ \  | |  | |  / ____|   | |                    |
|                    | |   | |_) | | |  | | | |  __    | |                    |
|                    |_|   |  _ <  | |  | | | | |_ |   |_|                    |
|                     _    | |_) | | |__| | | |__| |    _                     |
|                    (_)   |____/   \____/   \_____|   (_)                    |
|                                                                             |
|     internal error in: nonlr.F  at line: 596                                |
|                                                                             |
|     REAL_OPTLAY: internal error (1) 5129636 5136156                         |
|                                                                             |
|     If you are not a developer, you should not encounter this problem.      |
|     Please submit a bug report.                                             |
|                                                                             |
 -----------------------------------------------------------------------------

 -----------------------------------------------------------------------------
|                     _     ____    _    _    _____     _                     |
|                    | |   |  _ \  | |  | |  / ____|   | |                    |
|                    | |   | |_) | | |  | | | |  __    | |                    |
|                    |_|   |  _ <  | |  | | | | |_ |   |_|                    |
|                     _    | |_) | | |__| | | |__| |    _                     |
|                    (_)   |____/   \____/   \_____|   (_)                    |
|                                                                             |
|     internal error in: nonlr.F  at line: 596                                |
|                                                                             |
|     REAL_OPTLAY: internal error (1) 5129636 5136156                         |
|                                                                             |
|     If you are not a developer, you should not encounter this problem.      |
|     Please submit a bug report.                                             |
|                                                                             |
 -----------------------------------------------------------------------------

 -----------------------------------------------------------------------------
|                     _     ____    _    _    _____     _                     |
|                    | |   |  _ \  | |  | |  / ____|   | |                    |
|                    | |   | |_) | | |  | | | |  __    | |                    |
|                    |_|   |  _ <  | |  | | | | |_ |   |_|                    |
|                     _    | |_) | | |__| | | |__| |    _                     |
|                    (_)   |____/   \____/   \_____|   (_)                    |
|                                                                             |
|     internal error in: nonlr.F  at line: 596                                |
|                                                                             |
|     REAL_OPTLAY: internal error (1) 5129636 5136156                         |
|                                                                             |
|     If you are not a developer, you should not encounter this problem.      |
|     Please submit a bug report.                                             |
|                                                                             |
 -----------------------------------------------------------------------------

 -----------------------------------------------------------------------------
|                     _     ____    _    _    _____     _                     |
|                    | |   |  _ \  | |  | |  / ____|   | |                    |
|                    | |   | |_) | | |  | | | |  __    | |                    |
|                    |_|   |  _ <  | |  | | | | |_ |   |_|                    |
|                     _    | |_) | | |__| | | |__| |    _                     |
|                    (_)   |____/   \____/   \_____|   (_)                    |
|                                                                             |
|     internal error in: nonlr.F  at line: 596                                |
|                                                                             |
|     REAL_OPTLAY: internal error (1) 5129636 5136156                         |
|                                                                             |
|     If you are not a developer, you should not encounter this problem.      |
|     Please submit a bug report.                                             |
|                                                                             |
 -----------------------------------------------------------------------------

 -----------------------------------------------------------------------------
|                     _     ____    _    _    _____     _                     |
|                    | |   |  _ \  | |  | |  / ____|   | |                    |
|                    | |   | |_) | | |  | | | |  __    | |                    |
|                    |_|   |  _ <  | |  | | | | |_ |   |_|                    |
|                     _    | |_) | | |__| | | |__| |    _                     |
|                    (_)   |____/   \____/   \_____|   (_)                    |
|                                                                             |
|     internal error in: nonlr.F  at line: 596                                |
|                                                                             |
|     REAL_OPTLAY: internal error (1) 5129636 5136156                         |
|                                                                             |
|     If you are not a developer, you should not encounter this problem.      |
|     Please submit a bug report.                                             |
|                                                                             |
 -----------------------------------------------------------------------------

 -----------------------------------------------------------------------------
|                     _     ____    _    _    _____     _                     |
|                    | |   |  _ \  | |  | |  / ____|   | |                    |
|                    | |   | |_) | | |  | | | |  __    | |                    |
|                    |_|   |  _ <  | |  | | | | |_ |   |_|                    |
|                     _    | |_) | | |__| | | |__| |    _                     |
|                    (_)   |____/   \____/   \_____|   (_)                    |
|                                                                             |
|     internal error in: nonlr.F  at line: 596                                |
|                                                                             |
|     REAL_OPTLAY: internal error (1) 5129636 5136156                         |
|                                                                             |
|     If you are not a developer, you should not encounter this problem.      |
|     Please submit a bug report.                                             |
|                                                                             |
 -----------------------------------------------------------------------------

 -----------------------------------------------------------------------------
|                     _     ____    _    _    _____     _                     |
|                    | |   |  _ \  | |  | |  / ____|   | |                    |
|                    | |   | |_) | | |  | | | |  __    | |                    |
|                    |_|   |  _ <  | |  | | | | |_ |   |_|                    |
|                     _    | |_) | | |__| | | |__| |    _                     |
|                    (_)   |____/   \____/   \_____|   (_)                    |
|                                                                             |
|     internal error in: nonlr.F  at line: 596                                |
|                                                                             |
|     REAL_OPTLAY: internal error (1) 5129636 5136156                         |
|                                                                             |
|     If you are not a developer, you should not encounter this problem.      |
|     Please submit a bug report.                                             |
|                                                                             |
 -----------------------------------------------------------------------------

 -----------------------------------------------------------------------------
|                     _     ____    _    _    _____     _                     |
|                    | |   |  _ \  | |  | |  / ____|   | |                    |
|                    | |   | |_) | | |  | | | |  __    | |                    |
|                    |_|   |  _ <  | |  | | | | |_ |   |_|                    |
|                     _    | |_) | | |__| | | |__| |    _                     |
|                    (_)   |____/   \____/   \_____|   (_)                    |
|                                                                             |
|     internal error in: nonlr.F  at line: 596                                |
|                                                                             |
|     REAL_OPTLAY: internal error (1) 5129636 5136156                         |
|                                                                             |
|     If you are not a developer, you should not encounter this problem.      |
|     Please submit a bug report.                                             |
|                                                                             |
 -----------------------------------------------------------------------------

 -----------------------------------------------------------------------------
|                     _     ____    _    _    _____     _                     |
|                    | |   |  _ \  | |  | |  / ____|   | |                    |
|                    | |   | |_) | | |  | | | |  __    | |                    |
|                    |_|   |  _ <  | |  | | | | |_ |   |_|                    |
|                     _    | |_) | | |__| | | |__| |    _                     |
|                    (_)   |____/   \____/   \_____|   (_)                    |
|                                                                             |
|     internal error in: nonlr.F  at line: 596                                |
|                                                                             |
|     REAL_OPTLAY: internal error (1) 5129636 5136156                         |
|                                                                             |
|     If you are not a developer, you should not encounter this problem.      |
|     Please submit a bug report.                                             |
|                                                                             |
 -----------------------------------------------------------------------------

 -----------------------------------------------------------------------------
|                     _     ____    _    _    _____     _                     |
|                    | |   |  _ \  | |  | |  / ____|   | |                    |
|                    | |   | |_) | | |  | | | |  __    | |                    |
|                    |_|   |  _ <  | |  | | | | |_ |   |_|                    |
|                     _    | |_) | | |__| | | |__| |    _                     |
|                    (_)   |____/   \____/   \_____|   (_)                    |
|                                                                             |
|     internal error in: nonlr.F  at line: 596                                |
|                                                                             |
|     REAL_OPTLAY: internal error (1) 5129636 5136156                         |
|                                                                             |
|     If you are not a developer, you should not encounter this problem.      |
|     Please submit a bug report.                                             |
|                                                                             |
 -----------------------------------------------------------------------------

 -----------------------------------------------------------------------------
|                     _     ____    _    _    _____     _                     |
|                    | |   |  _ \  | |  | |  / ____|   | |                    |
|                    | |   | |_) | | |  | | | |  __    | |                    |
|                    |_|   |  _ <  | |  | | | | |_ |   |_|                    |
|                     _    | |_) | | |__| | | |__| |    _                     |
|                    (_)   |____/   \____/   \_____|   (_)                    |
|                                                                             |
|     internal error in: nonlr.F  at line: 596                                |
|                                                                             |
|     REAL_OPTLAY: internal error (1) 5129636 5136156                         |
|                                                                             |
|     If you are not a developer, you should not encounter this problem.      |
|     Please submit a bug report.                                             |
|                                                                             |
 -----------------------------------------------------------------------------

 -----------------------------------------------------------------------------
|                     _     ____    _    _    _____     _                     |
|                    | |   |  _ \  | |  | |  / ____|   | |                    |
|                    | |   | |_) | | |  | | | |  __    | |                    |
|                    |_|   |  _ <  | |  | | | | |_ |   |_|                    |
|                     _    | |_) | | |__| | | |__| |    _                     |
|                    (_)   |____/   \____/   \_____|   (_)                    |
|                                                                             |
|     internal error in: nonlr.F  at line: 596                                |
|                                                                             |
|     REAL_OPTLAY: internal error (1) 5129636 5136156                         |
|                                                                             |
|     If you are not a developer, you should not encounter this problem.      |
|     Please submit a bug report.                                             |
|                                                                             |
 -----------------------------------------------------------------------------

 -----------------------------------------------------------------------------
|                     _     ____    _    _    _____     _                     |
|                    | |   |  _ \  | |  | |  / ____|   | |                    |
|                    | |   | |_) | | |  | | | |  __    | |                    |
|                    |_|   |  _ <  | |  | | | | |_ |   |_|                    |
|                     _    | |_) | | |__| | | |__| |    _                     |
|                    (_)   |____/   \____/   \_____|   (_)                    |
|                                                                             |
|     internal error in: nonlr.F  at line: 596                                |
|                                                                             |
|     REAL_OPTLAY: internal error (1) 5129636 5136156                         |
|                                                                             |
|     If you are not a developer, you should not encounter this problem.      |
|     Please submit a bug report.                                             |
|                                                                             |
 -----------------------------------------------------------------------------

 -----------------------------------------------------------------------------
|                     _     ____    _    _    _____     _                     |
|                    | |   |  _ \  | |  | |  / ____|   | |                    |
|                    | |   | |_) | | |  | | | |  __    | |                    |
|                    |_|   |  _ <  | |  | | | | |_ |   |_|                    |
|                     _    | |_) | | |__| | | |__| |    _                     |
|                    (_)   |____/   \____/   \_____|   (_)                    |
|                                                                             |
|     internal error in: nonlr.F  at line: 596                                |
|                                                                             |
|     REAL_OPTLAY: internal error (1) 5129636 5136156                         |
|                                                                             |
|     If you are not a developer, you should not encounter this problem.      |
|     Please submit a bug report.                                             |
|                                                                             |
 -----------------------------------------------------------------------------

 -----------------------------------------------------------------------------
|                     _     ____    _    _    _____     _                     |
|                    | |   |  _ \  | |  | |  / ____|   | |                    |
|                    | |   | |_) | | |  | | | |  __    | |                    |
|                    |_|   |  _ <  | |  | | | | |_ |   |_|                    |
|                     _    | |_) | | |__| | | |__| |    _                     |
|                    (_)   |____/   \____/   \_____|   (_)                    |
|                                                                             |
|     internal error in: nonlr.F  at line: 596                                |
|                                                                             |
|     REAL_OPTLAY: internal error (1) 5129636 5136156                         |
|                                                                             |
|     If you are not a developer, you should not encounter this problem.      |
|     Please submit a bug report.                                             |
|                                                                             |
 -----------------------------------------------------------------------------

 -----------------------------------------------------------------------------
|                     _     ____    _    _    _____     _                     |
|                    | |   |  _ \  | |  | |  / ____|   | |                    |
|                    | |   | |_) | | |  | | | |  __    | |                    |
|                    |_|   |  _ <  | |  | | | | |_ |   |_|                    |
|                     _    | |_) | | |__| | | |__| |    _                     |
|                    (_)   |____/   \____/   \_____|   (_)                    |
|                                                                             |
|     internal error in: nonlr.F  at line: 596                                |
|                                                                             |
|     REAL_OPTLAY: internal error (1) 5129636 5136156                         |
|                                                                             |
|     If you are not a developer, you should not encounter this problem.      |
|     Please submit a bug report.                                             |
|                                                                             |
 -----------------------------------------------------------------------------

 -----------------------------------------------------------------------------
|                     _     ____    _    _    _____     _                     |
|                    | |   |  _ \  | |  | |  / ____|   | |                    |
|                    | |   | |_) | | |  | | | |  __    | |                    |
|                    |_|   |  _ <  | |  | | | | |_ |   |_|                    |
|                     _    | |_) | | |__| | | |__| |    _                     |
|                    (_)   |____/   \____/   \_____|   (_)                    |
|                                                                             |
|     internal error in: nonlr.F  at line: 596                                |
|                                                                             |
|     REAL_OPTLAY: internal error (1) 5129636 5136156                         |
|                                                                             |
|     If you are not a developer, you should not encounter this problem.      |
|     Please submit a bug report.                                             |
|                                                                             |
 -----------------------------------------------------------------------------

 -----------------------------------------------------------------------------
|                     _     ____    _    _    _____     _                     |
|                    | |   |  _ \  | |  | |  / ____|   | |                    |
|                    | |   | |_) | | |  | | | |  __    | |                    |
|                    |_|   |  _ <  | |  | | | | |_ |   |_|                    |
|                     _    | |_) | | |__| | | |__| |    _                     |
|                    (_)   |____/   \____/   \_____|   (_)                    |
|                                                                             |
|     internal error in: nonlr.F  at line: 596                                |
|                                                                             |
|     REAL_OPTLAY: internal error (1) 5129636 5136156                         |
|                                                                             |
|     If you are not a developer, you should not encounter this problem.      |
|     Please submit a bug report.                                             |
|                                                                             |
 -----------------------------------------------------------------------------

 -----------------------------------------------------------------------------
|                     _     ____    _    _    _____     _                     |
|                    | |   |  _ \  | |  | |  / ____|   | |                    |
|                    | |   | |_) | | |  | | | |  __    | |                    |
|                    |_|   |  _ <  | |  | | | | |_ |   |_|                    |
|                     _    | |_) | | |__| | | |__| |    _                     |
|                    (_)   |____/   \____/   \_____|   (_)                    |
|                                                                             |
|     internal error in: nonlr.F  at line: 596                                |
|                                                                             |
|     REAL_OPTLAY: internal error (1) 5129636 5136156                         |
|                                                                             |
|     If you are not a developer, you should not encounter this problem.      |
|     Please submit a bug report.                                             |
|                                                                             |
 -----------------------------------------------------------------------------

 -----------------------------------------------------------------------------
|                     _     ____    _    _    _____     _                     |
|                    | |   |  _ \  | |  | |  / ____|   | |                    |
|                    | |   | |_) | | |  | | | |  __    | |                    |
|                    |_|   |  _ <  | |  | | | | |_ |   |_|                    |
|                     _    | |_) | | |__| | | |__| |    _                     |
|                    (_)   |____/   \____/   \_____|   (_)                    |
|                                                                             |
|     internal error in: nonlr.F  at line: 596                                |
|                                                                             |
|     REAL_OPTLAY: internal error (1) 5129636 5136156                         |
|                                                                             |
|     If you are not a developer, you should not encounter this problem.      |
|     Please submit a bug report.                                             |
|                                                                             |
 -----------------------------------------------------------------------------

 -----------------------------------------------------------------------------
|                     _     ____    _    _    _____     _                     |
|                    | |   |  _ \  | |  | |  / ____|   | |                    |
|                    | |   | |_) | | |  | | | |  __    | |                    |
|                    |_|   |  _ <  | |  | | | | |_ |   |_|                    |
|                     _    | |_) | | |__| | | |__| |    _                     |
|                    (_)   |____/   \____/   \_____|   (_)                    |
|                                                                             |
|     internal error in: nonlr.F  at line: 596                                |
|                                                                             |
|     REAL_OPTLAY: internal error (1) 5129636 5136156                         |
|                                                                             |
|     If you are not a developer, you should not encounter this problem.      |
|     Please submit a bug report.                                             |
|                                                                             |
 -----------------------------------------------------------------------------

 -----------------------------------------------------------------------------
|                     _     ____    _    _    _____     _                     |
|                    | |   |  _ \  | |  | |  / ____|   | |                    |
|                    | |   | |_) | | |  | | | |  __    | |                    |
|                    |_|   |  _ <  | |  | | | | |_ |   |_|                    |
|                     _    | |_) | | |__| | | |__| |    _                     |
|                    (_)   |____/   \____/   \_____|   (_)                    |
|                                                                             |
|     internal error in: nonlr.F  at line: 596                                |
|                                                                             |
|     REAL_OPTLAY: internal error (1) 5129636 5136156                         |
|                                                                             |
|     If you are not a developer, you should not encounter this problem.      |
|     Please submit a bug report.                                             |
|                                                                             |
 -----------------------------------------------------------------------------

 -----------------------------------------------------------------------------
|                     _     ____    _    _    _____     _                     |
|                    | |   |  _ \  | |  | |  / ____|   | |                    |
|                    | |   | |_) | | |  | | | |  __    | |                    |
|                    |_|   |  _ <  | |  | | | | |_ |   |_|                    |
|                     _    | |_) | | |__| | | |__| |    _                     |
|                    (_)   |____/   \____/   \_____|   (_)                    |
|                                                                             |
|     internal error in: nonlr.F  at line: 596                                |
|                                                                             |
|     REAL_OPTLAY: internal error (1) 5129636 5136156                         |
|                                                                             |
|     If you are not a developer, you should not encounter this problem.      |
|     Please submit a bug report.                                             |
|                                                                             |
 -----------------------------------------------------------------------------

 -----------------------------------------------------------------------------
|                     _     ____    _    _    _____     _                     |
|                    | |   |  _ \  | |  | |  / ____|   | |                    |
|                    | |   | |_) | | |  | | | |  __    | |                    |
|                    |_|   |  _ <  | |  | | | | |_ |   |_|                    |
|                     _    | |_) | | |__| | | |__| |    _                     |
|                    (_)   |____/   \____/   \_____|   (_)                    |
|                                                                             |
|     internal error in: nonlr.F  at line: 596                                |
|                                                                             |
|     REAL_OPTLAY: internal error (1) 5129636 5136156                         |
|                                                                             |
|     If you are not a developer, you should not encounter this problem.      |
|     Please submit a bug report.                                             |
|                                                                             |
 -----------------------------------------------------------------------------

 -----------------------------------------------------------------------------
|                     _     ____    _    _    _____     _                     |
|                    | |   |  _ \  | |  | |  / ____|   | |                    |
|                    | |   | |_) | | |  | | | |  __    | |                    |
|                    |_|   |  _ <  | |  | | | | |_ |   |_|                    |
|                     _    | |_) | | |__| | | |__| |    _                     |
|                    (_)   |____/   \____/   \_____|   (_)                    |
|                                                                             |
|     internal error in: nonlr.F  at line: 596                                |
|                                                                             |
|     REAL_OPTLAY: internal error (1) 5129636 5136156                         |
|                                                                             |
|     If you are not a developer, you should not encounter this problem.      |
|     Please submit a bug report.                                             |
|                                                                             |
 -----------------------------------------------------------------------------

 -----------------------------------------------------------------------------
|                     _     ____    _    _    _____     _                     |
|                    | |   |  _ \  | |  | |  / ____|   | |                    |
|                    | |   | |_) | | |  | | | |  __    | |                    |
|                    |_|   |  _ <  | |  | | | | |_ |   |_|                    |
|                     _    | |_) | | |__| | | |__| |    _                     |
|                    (_)   |____/   \____/   \_____|   (_)                    |
|                                                                             |
|     internal error in: nonlr.F  at line: 596                                |
|                                                                             |
|     REAL_OPTLAY: internal error (1) 5129636 5136156                         |
|                                                                             |
|     If you are not a developer, you should not encounter this problem.      |
|     Please submit a bug report.                                             |
|                                                                             |
 -----------------------------------------------------------------------------

 -----------------------------------------------------------------------------
|                     _     ____    _    _    _____     _                     |
|                    | |   |  _ \  | |  | |  / ____|   | |                    |
|                    | |   | |_) | | |  | | | |  __    | |                    |
|                    |_|   |  _ <  | |  | | | | |_ |   |_|                    |
|                     _    | |_) | | |__| | | |__| |    _                     |
|                    (_)   |____/   \____/   \_____|   (_)                    |
|                                                                             |
|     internal error in: nonlr.F  at line: 596                                |
|                                                                             |
|     REAL_OPTLAY: internal error (1) 5129636 5136156                         |
|                                                                             |
|     If you are not a developer, you should not encounter this problem.      |
|     Please submit a bug report.                                             |
|                                                                             |
 -----------------------------------------------------------------------------

 -----------------------------------------------------------------------------
|                     _     ____    _    _    _____     _                     |
|                    | |   |  _ \  | |  | |  / ____|   | |                    |
|                    | |   | |_) | | |  | | | |  __    | |                    |
|                    |_|   |  _ <  | |  | | | | |_ |   |_|                    |
|                     _    | |_) | | |__| | | |__| |    _                     |
|                    (_)   |____/   \____/   \_____|   (_)                    |
|                                                                             |
|     internal error in: nonlr.F  at line: 596                                |
|                                                                             |
|     REAL_OPTLAY: internal error (1) 5129636 5136156                         |
|                                                                             |
|     If you are not a developer, you should not encounter this problem.      |
|     Please submit a bug report.                                             |
|                                                                             |
 -----------------------------------------------------------------------------

 -----------------------------------------------------------------------------
|                     _     ____    _    _    _____     _                     |
|                    | |   |  _ \  | |  | |  / ____|   | |                    |
|                    | |   | |_) | | |  | | | |  __    | |                    |
|                    |_|   |  _ <  | |  | | | | |_ |   |_|                    |
|                     _    | |_) | | |__| | | |__| |    _                     |
|                    (_)   |____/   \____/   \_____|   (_)                    |
|                                                                             |
|     internal error in: nonlr.F  at line: 596                                |
|                                                                             |
|     REAL_OPTLAY: internal error (1) 5129636 5136156                         |
|                                                                             |
|     If you are not a developer, you should not encounter this problem.      |
|     Please submit a bug report.                                             |
|                                                                             |
 -----------------------------------------------------------------------------

 -----------------------------------------------------------------------------
|                     _     ____    _    _    _____     _                     |
|                    | |   |  _ \  | |  | |  / ____|   | |                    |
|                    | |   | |_) | | |  | | | |  __    | |                    |
|                    |_|   |  _ <  | |  | | | | |_ |   |_|                    |
|                     _    | |_) | | |__| | | |__| |    _                     |
|                    (_)   |____/   \____/   \_____|   (_)                    |
|                                                                             |
|     internal error in: nonlr.F  at line: 596                                |
|                                                                             |
|     REAL_OPTLAY: internal error (1) 5129636 5136156                         |
|                                                                             |
|     If you are not a developer, you should not encounter this problem.      |
|     Please submit a bug report.                                             |
|                                                                             |
 -----------------------------------------------------------------------------

 -----------------------------------------------------------------------------
|                     _     ____    _    _    _____     _                     |
|                    | |   |  _ \  | |  | |  / ____|   | |                    |
|                    | |   | |_) | | |  | | | |  __    | |                    |
|                    |_|   |  _ <  | |  | | | | |_ |   |_|                    |
|                     _    | |_) | | |__| | | |__| |    _                     |
|                    (_)   |____/   \____/   \_____|   (_)                    |
|                                                                             |
|     internal error in: nonlr.F  at line: 596                                |
|                                                                             |
|     REAL_OPTLAY: internal error (1) 5129636 5136156                         |
|                                                                             |
|     If you are not a developer, you should not encounter this problem.      |
|     Please submit a bug report.                                             |
|                                                                             |
 -----------------------------------------------------------------------------

 -----------------------------------------------------------------------------
|                     _     ____    _    _    _____     _                     |
|                    | |   |  _ \  | |  | |  / ____|   | |                    |
|                    | |   | |_) | | |  | | | |  __    | |                    |
|                    |_|   |  _ <  | |  | | | | |_ |   |_|                    |
|                     _    | |_) | | |__| | | |__| |    _                     |
|                    (_)   |____/   \____/   \_____|   (_)                    |
|                                                                             |
|     internal error in: nonlr.F  at line: 596                                |
|                                                                             |
|     REAL_OPTLAY: internal error (1) 5129636 5136156                         |
|                                                                             |
|     If you are not a developer, you should not encounter this problem.      |
|     Please submit a bug report.                                             |
|                                                                             |
 -----------------------------------------------------------------------------

 -----------------------------------------------------------------------------
|                     _     ____    _    _    _____     _                     |
|                    | |   |  _ \  | |  | |  / ____|   | |                    |
|                    | |   | |_) | | |  | | | |  __    | |                    |
|                    |_|   |  _ <  | |  | | | | |_ |   |_|                    |
|                     _    | |_) | | |__| | | |__| |    _                     |
|                    (_)   |____/   \____/   \_____|   (_)                    |
|                                                                             |
|     internal error in: nonlr.F  at line: 596                                |
|                                                                             |
|     REAL_OPTLAY: internal error (1) 5129636 5136156                         |
|                                                                             |
|     If you are not a developer, you should not encounter this problem.      |
|     Please submit a bug report.                                             |
|                                                                             |
 -----------------------------------------------------------------------------

 -----------------------------------------------------------------------------
|                     _     ____    _    _    _____     _                     |
|                    | |   |  _ \  | |  | |  / ____|   | |                    |
|                    | |   | |_) | | |  | | | |  __    | |                    |
|                    |_|   |  _ <  | |  | | | | |_ |   |_|                    |
|                     _    | |_) | | |__| | | |__| |    _                     |
|                    (_)   |____/   \____/   \_____|   (_)                    |
|                                                                             |
|     internal error in: nonlr.F  at line: 596                                |
|                                                                             |
|     REAL_OPTLAY: internal error (1) 5129636 5136156                         |
|                                                                             |
|     If you are not a developer, you should not encounter this problem.      |
|     Please submit a bug report.                                             |
|                                                                             |
 -----------------------------------------------------------------------------

 -----------------------------------------------------------------------------
|                     _     ____    _    _    _____     _                     |
|                    | |   |  _ \  | |  | |  / ____|   | |                    |
|                    | |   | |_) | | |  | | | |  __    | |                    |
|                    |_|   |  _ <  | |  | | | | |_ |   |_|                    |
|                     _    | |_) | | |__| | | |__| |    _                     |
|                    (_)   |____/   \____/   \_____|   (_)                    |
|                                                                             |
|     internal error in: nonlr.F  at line: 596                                |
|                                                                             |
|     REAL_OPTLAY: internal error (1) 5129636 5136156                         |
|                                                                             |
|     If you are not a developer, you should not encounter this problem.      |
|     Please submit a bug report.                                             |
|                                                                             |
 -----------------------------------------------------------------------------

 -----------------------------------------------------------------------------
|                     _     ____    _    _    _____     _                     |
|                    | |   |  _ \  | |  | |  / ____|   | |                    |
|                    | |   | |_) | | |  | | | |  __    | |                    |
|                    |_|   |  _ <  | |  | | | | |_ |   |_|                    |
|                     _    | |_) | | |__| | | |__| |    _                     |
|                    (_)   |____/   \____/   \_____|   (_)                    |
|                                                                             |
|     internal error in: nonlr.F  at line: 596                                |
|                                                                             |
|     REAL_OPTLAY: internal error (1) 5129636 5136156                         |
|                                                                             |
|     If you are not a developer, you should not encounter this problem.      |
|     Please submit a bug report.                                             |
|                                                                             |
 -----------------------------------------------------------------------------

 -----------------------------------------------------------------------------
|                     _     ____    _    _    _____     _                     |
|                    | |   |  _ \  | |  | |  / ____|   | |                    |
|                    | |   | |_) | | |  | | | |  __    | |                    |
|                    |_|   |  _ <  | |  | | | | |_ |   |_|                    |
|                     _    | |_) | | |__| | | |__| |    _                     |
|                    (_)   |____/   \____/   \_____|   (_)                    |
|                                                                             |
|     internal error in: nonlr.F  at line: 596                                |
|                                                                             |
|     REAL_OPTLAY: internal error (1) 5129636 5136156                         |
|                                                                             |
|     If you are not a developer, you should not encounter this problem.      |
|     Please submit a bug report.                                             |
|                                                                             |
 -----------------------------------------------------------------------------

 -----------------------------------------------------------------------------
|                     _     ____    _    _    _____     _                     |
|                    | |   |  _ \  | |  | |  / ____|   | |                    |
|                    | |   | |_) | | |  | | | |  __    | |                    |
|                    |_|   |  _ <  | |  | | | | |_ |   |_|                    |
|                     _    | |_) | | |__| | | |__| |    _                     |
|                    (_)   |____/   \____/   \_____|   (_)                    |
|                                                                             |
|     internal error in: nonlr.F  at line: 596                                |
|                                                                             |
|     REAL_OPTLAY: internal error (1) 5129636 5136156                         |
|                                                                             |
|     If you are not a developer, you should not encounter this problem.      |
|     Please submit a bug report.                                             |
|                                                                             |
 -----------------------------------------------------------------------------

 -----------------------------------------------------------------------------
|                     _     ____    _    _    _____     _                     |
|                    | |   |  _ \  | |  | |  / ____|   | |                    |
|                    | |   | |_) | | |  | | | |  __    | |                    |
|                    |_|   |  _ <  | |  | | | | |_ |   |_|                    |
|                     _    | |_) | | |__| | | |__| |    _                     |
|                    (_)   |____/   \____/   \_____|   (_)                    |
|                                                                             |
|     internal error in: nonlr.F  at line: 596                                |
|                                                                             |
|     REAL_OPTLAY: internal error (1) 5129636 5136156                         |
|                                                                             |
|     If you are not a developer, you should not encounter this problem.      |
|     Please submit a bug report.                                             |
|                                                                             |
 -----------------------------------------------------------------------------

 -----------------------------------------------------------------------------
|                     _     ____    _    _    _____     _                     |
|                    | |   |  _ \  | |  | |  / ____|   | |                    |
|                    | |   | |_) | | |  | | | |  __    | |                    |
|                    |_|   |  _ <  | |  | | | | |_ |   |_|                    |
|                     _    | |_) | | |__| | | |__| |    _                     |
|                    (_)   |____/   \____/   \_____|   (_)                    |
|                                                                             |
|     internal error in: nonlr.F  at line: 596                                |
|                                                                             |
|     REAL_OPTLAY: internal error (1) 5129636 5136156                         |
|                                                                             |
|     If you are not a developer, you should not encounter this problem.      |
|     Please submit a bug report.                                             |
|                                                                             |
 -----------------------------------------------------------------------------

 -----------------------------------------------------------------------------
|                     _     ____    _    _    _____     _                     |
|                    | |   |  _ \  | |  | |  / ____|   | |                    |
|                    | |   | |_) | | |  | | | |  __    | |                    |
|                    |_|   |  _ <  | |  | | | | |_ |   |_|                    |
|                     _    | |_) | | |__| | | |__| |    _                     |
|                    (_)   |____/   \____/   \_____|   (_)                    |
|                                                                             |
|     internal error in: nonlr.F  at line: 596                                |
|                                                                             |
|     REAL_OPTLAY: internal error (1) 5129636 5136156                         |
|                                                                             |
|     If you are not a developer, you should not encounter this problem.      |
|     Please submit a bug report.                                             |
|                                                                             |
 -----------------------------------------------------------------------------

 -----------------------------------------------------------------------------
|                     _     ____    _    _    _____     _                     |
|                    | |   |  _ \  | |  | |  / ____|   | |                    |
|                    | |   | |_) | | |  | | | |  __    | |                    |
|                    |_|   |  _ <  | |  | | | | |_ |   |_|                    |
|                     _    | |_) | | |__| | | |__| |    _                     |
|                    (_)   |____/   \____/   \_____|   (_)                    |
|                                                                             |
|     internal error in: nonlr.F  at line: 596                                |
|                                                                             |
|     REAL_OPTLAY: internal error (1) 5129636 5136156                         |
|                                                                             |
|     If you are not a developer, you should not encounter this problem.      |
|     Please submit a bug report.                                             |
|                                                                             |
 -----------------------------------------------------------------------------

 -----------------------------------------------------------------------------
|                     _     ____    _    _    _____     _                     |
|                    | |   |  _ \  | |  | |  / ____|   | |                    |
|                    | |   | |_) | | |  | | | |  __    | |                    |
|                    |_|   |  _ <  | |  | | | | |_ |   |_|                    |
|                     _    | |_) | | |__| | | |__| |    _                     |
|                    (_)   |____/   \____/   \_____|   (_)                    |
|                                                                             |
|     internal error in: nonlr.F  at line: 596                                |
|                                                                             |
|     REAL_OPTLAY: internal error (1) 5129636 5136156                         |
|                                                                             |
|     If you are not a developer, you should not encounter this problem.      |
|     Please submit a bug report.                                             |
|                                                                             |
 -----------------------------------------------------------------------------

 -----------------------------------------------------------------------------
|                     _     ____    _    _    _____     _                     |
|                    | |   |  _ \  | |  | |  / ____|   | |                    |
|                    | |   | |_) | | |  | | | |  __    | |                    |
|                    |_|   |  _ <  | |  | | | | |_ |   |_|                    |
|                     _    | |_) | | |__| | | |__| |    _                     |
|                    (_)   |____/   \____/   \_____|   (_)                    |
|                                                                             |
|     internal error in: nonlr.F  at line: 596                                |
|                                                                             |
|     REAL_OPTLAY: internal error (1) 5129636 5136156                         |
|                                                                             |
|     If you are not a developer, you should not encounter this problem.      |
|     Please submit a bug report.                                             |
|                                                                             |
 -----------------------------------------------------------------------------

 -----------------------------------------------------------------------------
|                     _     ____    _    _    _____     _                     |
|                    | |   |  _ \  | |  | |  / ____|   | |                    |
|                    | |   | |_) | | |  | | | |  __    | |                    |
|                    |_|   |  _ <  | |  | | | | |_ |   |_|                    |
|                     _    | |_) | | |__| | | |__| |    _                     |
|                    (_)   |____/   \____/   \_____|   (_)                    |
|                                                                             |
|     internal error in: nonlr.F  at line: 596                                |
|                                                                             |
|     REAL_OPTLAY: internal error (1) 5129636 5136156                         |
|                                                                             |
|     If you are not a developer, you should not encounter this problem.      |
|     Please submit a bug report.                                             |
|                                                                             |
 -----------------------------------------------------------------------------

 -----------------------------------------------------------------------------
|                     _     ____    _    _    _____     _                     |
|                    | |   |  _ \  | |  | |  / ____|   | |                    |
|                    | |   | |_) | | |  | | | |  __    | |                    |
|                    |_|   |  _ <  | |  | | | | |_ |   |_|                    |
|                     _    | |_) | | |__| | | |__| |    _                     |
|                    (_)   |____/   \____/   \_____|   (_)                    |
|                                                                             |
|     internal error in: nonlr.F  at line: 596                                |
|                                                                             |
|     REAL_OPTLAY: internal error (1) 5129636 5136156                         |
|                                                                             |
|     If you are not a developer, you should not encounter this problem.      |
|     Please submit a bug report.                                             |
|                                                                             |
 -----------------------------------------------------------------------------

 -----------------------------------------------------------------------------
|                     _     ____    _    _    _____     _                     |
|                    | |   |  _ \  | |  | |  / ____|   | |                    |
|                    | |   | |_) | | |  | | | |  __    | |                    |
|                    |_|   |  _ <  | |  | | | | |_ |   |_|                    |
|                     _    | |_) | | |__| | | |__| |    _                     |
|                    (_)   |____/   \____/   \_____|   (_)                    |
|                                                                             |
|     internal error in: nonlr.F  at line: 596                                |
|                                                                             |
|     REAL_OPTLAY: internal error (1) 5129636 5136156                         |
|                                                                             |
|     If you are not a developer, you should not encounter this problem.      |
|     Please submit a bug report.                                             |
|                                                                             |
 -----------------------------------------------------------------------------

 -----------------------------------------------------------------------------
|                     _     ____    _    _    _____     _                     |
|                    | |   |  _ \  | |  | |  / ____|   | |                    |
|                    | |   | |_) | | |  | | | |  __    | |                    |
|                    |_|   |  _ <  | |  | | | | |_ |   |_|                    |
|                     _    | |_) | | |__| | | |__| |    _                     |
|                    (_)   |____/   \____/   \_____|   (_)                    |
|                                                                             |
|     internal error in: nonlr.F  at line: 596                                |
|                                                                             |
|     REAL_OPTLAY: internal error (1) 5129636 5136156                         |
|                                                                             |
|     If you are not a developer, you should not encounter this problem.      |
|     Please submit a bug report.                                             |
|                                                                             |
 -----------------------------------------------------------------------------

 -----------------------------------------------------------------------------
|                     _     ____    _    _    _____     _                     |
|                    | |   |  _ \  | |  | |  / ____|   | |                    |
|                    | |   | |_) | | |  | | | |  __    | |                    |
|                    |_|   |  _ <  | |  | | | | |_ |   |_|                    |
|                     _    | |_) | | |__| | | |__| |    _                     |
|                    (_)   |____/   \____/   \_____|   (_)                    |
|                                                                             |
|     internal error in: nonlr.F  at line: 596                                |
|                                                                             |
|     REAL_OPTLAY: internal error (1) 5129636 5136156                         |
|                                                                             |
|     If you are not a developer, you should not encounter this problem.      |
|     Please submit a bug report.                                             |
|                                                                             |
 -----------------------------------------------------------------------------

 -----------------------------------------------------------------------------
|                     _     ____    _    _    _____     _                     |
|                    | |   |  _ \  | |  | |  / ____|   | |                    |
|                    | |   | |_) | | |  | | | |  __    | |                    |
|                    |_|   |  _ <  | |  | | | | |_ |   |_|                    |
|                     _    | |_) | | |__| | | |__| |    _                     |
|                    (_)   |____/   \____/   \_____|   (_)                    |
|                                                                             |
|     internal error in: nonlr.F  at line: 596                                |
|                                                                             |
|     REAL_OPTLAY: internal error (1) 5129636 5136156                         |
|                                                                             |
|     If you are not a developer, you should not encounter this problem.      |
|     Please submit a bug report.                                             |
|                                                                             |
 -----------------------------------------------------------------------------

 -----------------------------------------------------------------------------
|                     _     ____    _    _    _____     _                     |
|                    | |   |  _ \  | |  | |  / ____|   | |                    |
|                    | |   | |_) | | |  | | | |  __    | |                    |
|                    |_|   |  _ <  | |  | | | | |_ |   |_|                    |
|                     _    | |_) | | |__| | | |__| |    _                     |
|                    (_)   |____/   \____/   \_____|   (_)                    |
|                                                                             |
|     internal error in: nonlr.F  at line: 596                                |
|                                                                             |
|     REAL_OPTLAY: internal error (1) 5129636 5136156                         |
|                                                                             |
|     If you are not a developer, you should not encounter this problem.      |
|     Please submit a bug report.                                             |
|                                                                             |
 -----------------------------------------------------------------------------

 -----------------------------------------------------------------------------
|                     _     ____    _    _    _____     _                     |
|                    | |   |  _ \  | |  | |  / ____|   | |                    |
|                    | |   | |_) | | |  | | | |  __    | |                    |
|                    |_|   |  _ <  | |  | | | | |_ |   |_|                    |
|                     _    | |_) | | |__| | | |__| |    _                     |
|                    (_)   |____/   \____/   \_____|   (_)                    |
|                                                                             |
|     internal error in: nonlr.F  at line: 596                                |
|                                                                             |
|     REAL_OPTLAY: internal error (1) 5129636 5136156                         |
|                                                                             |
|     If you are not a developer, you should not encounter this problem.      |
|     Please submit a bug report.                                             |
|                                                                             |
 -----------------------------------------------------------------------------

 -----------------------------------------------------------------------------
|                     _     ____    _    _    _____     _                     |
|                    | |   |  _ \  | |  | |  / ____|   | |                    |
|                    | |   | |_) | | |  | | | |  __    | |                    |
|                    |_|   |  _ <  | |  | | | | |_ |   |_|                    |
|                     _    | |_) | | |__| | | |__| |    _                     |
|                    (_)   |____/   \____/   \_____|   (_)                    |
|                                                                             |
|     internal error in: nonlr.F  at line: 596                                |
|                                                                             |
|     REAL_OPTLAY: internal error (1) 5129636 5136156                         |
|                                                                             |
|     If you are not a developer, you should not encounter this problem.      |
|     Please submit a bug report.                                             |
|                                                                             |
 -----------------------------------------------------------------------------

 -----------------------------------------------------------------------------
|                     _     ____    _    _    _____     _                     |
|                    | |   |  _ \  | |  | |  / ____|   | |                    |
|                    | |   | |_) | | |  | | | |  __    | |                    |
|                    |_|   |  _ <  | |  | | | | |_ |   |_|                    |
|                     _    | |_) | | |__| | | |__| |    _                     |
|                    (_)   |____/   \____/   \_____|   (_)                    |
|                                                                             |
|     internal error in: nonlr.F  at line: 596                                |
|                                                                             |
|     REAL_OPTLAY: internal error (1) 5129636 5136156                         |
|                                                                             |
|     If you are not a developer, you should not encounter this problem.      |
|     Please submit a bug report.                                             |
|                                                                             |
 -----------------------------------------------------------------------------

 -----------------------------------------------------------------------------
|                     _     ____    _    _    _____     _                     |
|                    | |   |  _ \  | |  | |  / ____|   | |                    |
|                    | |   | |_) | | |  | | | |  __    | |                    |
|                    |_|   |  _ <  | |  | | | | |_ |   |_|                    |
|                     _    | |_) | | |__| | | |__| |    _                     |
|                    (_)   |____/   \____/   \_____|   (_)                    |
|                                                                             |
|     internal error in: nonlr.F  at line: 596                                |
|                                                                             |
|     REAL_OPTLAY: internal error (1) 5129636 5136156                         |
|                                                                             |
|     If you are not a developer, you should not encounter this problem.      |
|     Please submit a bug report.                                             |
|                                                                             |
 -----------------------------------------------------------------------------

 -----------------------------------------------------------------------------
|                     _     ____    _    _    _____     _                     |
|                    | |   |  _ \  | |  | |  / ____|   | |                    |
|                    | |   | |_) | | |  | | | |  __    | |                    |
|                    |_|   |  _ <  | |  | | | | |_ |   |_|                    |
|                     _    | |_) | | |__| | | |__| |    _                     |
|                    (_)   |____/   \____/   \_____|   (_)                    |
|                                                                             |
|     internal error in: nonlr.F  at line: 596                                |
|                                                                             |
|     REAL_OPTLAY: internal error (1) 5129636 5136156                         |
|                                                                             |
|     If you are not a developer, you should not encounter this problem.      |
|     Please submit a bug report.                                             |
|                                                                             |
 -----------------------------------------------------------------------------

 -----------------------------------------------------------------------------
|                     _     ____    _    _    _____     _                     |
|                    | |   |  _ \  | |  | |  / ____|   | |                    |
|                    | |   | |_) | | |  | | | |  __    | |                    |
|                    |_|   |  _ <  | |  | | | | |_ |   |_|                    |
|                     _    | |_) | | |__| | | |__| |    _                     |
|                    (_)   |____/   \____/   \_____|   (_)                    |
|                                                                             |
|     internal error in: nonlr.F  at line: 596                                |
|                                                                             |
|     REAL_OPTLAY: internal error (1) 5129636 5136156                         |
|                                                                             |
|     If you are not a developer, you should not encounter this problem.      |
|     Please submit a bug report.                                             |
|                                                                             |
 -----------------------------------------------------------------------------

 -----------------------------------------------------------------------------
|                     _     ____    _    _    _____     _                     |
|                    | |   |  _ \  | |  | |  / ____|   | |                    |
|                    | |   | |_) | | |  | | | |  __    | |                    |
|                    |_|   |  _ <  | |  | | | | |_ |   |_|                    |
|                     _    | |_) | | |__| | | |__| |    _                     |
|                    (_)   |____/   \____/   \_____|   (_)                    |
|                                                                             |
|     internal error in: nonlr.F  at line: 596                                |
|                                                                             |
|     REAL_OPTLAY: internal error (1) 5129636 5136156                         |
|                                                                             |
|     If you are not a developer, you should not encounter this problem.      |
|     Please submit a bug report.                                             |
|                                                                             |
 -----------------------------------------------------------------------------

 -----------------------------------------------------------------------------
|                     _     ____    _    _    _____     _                     |
|                    | |   |  _ \  | |  | |  / ____|   | |                    |
|                    | |   | |_) | | |  | | | |  __    | |                    |
|                    |_|   |  _ <  | |  | | | | |_ |   |_|                    |
|                     _    | |_) | | |__| | | |__| |    _                     |
|                    (_)   |____/   \____/   \_____|   (_)                    |
|                                                                             |
|     internal error in: nonlr.F  at line: 596                                |
|                                                                             |
|     REAL_OPTLAY: internal error (1) 5129636 5136156                         |
|                                                                             |
|     If you are not a developer, you should not encounter this problem.      |
|     Please submit a bug report.                                             |
|                                                                             |
 -----------------------------------------------------------------------------

 -----------------------------------------------------------------------------
|                     _     ____    _    _    _____     _                     |
|                    | |   |  _ \  | |  | |  / ____|   | |                    |
|                    | |   | |_) | | |  | | | |  __    | |                    |
|                    |_|   |  _ <  | |  | | | | |_ |   |_|                    |
|                     _    | |_) | | |__| | | |__| |    _                     |
|                    (_)   |____/   \____/   \_____|   (_)                    |
|                                                                             |
|     internal error in: nonlr.F  at line: 596                                |
|                                                                             |
|     REAL_OPTLAY: internal error (1) 5129636 5136156                         |
|                                                                             |
|     If you are not a developer, you should not encounter this problem.      |
|     Please submit a bug report.                                             |
|                                                                             |
 -----------------------------------------------------------------------------

 -----------------------------------------------------------------------------
|                     _     ____    _    _    _____     _                     |
|                    | |   |  _ \  | |  | |  / ____|   | |                    |
|                    | |   | |_) | | |  | | | |  __    | |                    |
|                    |_|   |  _ <  | |  | | | | |_ |   |_|                    |
|                     _    | |_) | | |__| | | |__| |    _                     |
|                    (_)   |____/   \____/   \_____|   (_)                    |
|                                                                             |
|     internal error in: nonlr.F  at line: 596                                |
|                                                                             |
|     REAL_OPTLAY: internal error (1) 5129636 5136156                         |
|                                                                             |
|     If you are not a developer, you should not encounter this problem.      |
|     Please submit a bug report.                                             |
|                                                                             |
 -----------------------------------------------------------------------------

 -----------------------------------------------------------------------------
|                     _     ____    _    _    _____     _                     |
|                    | |   |  _ \  | |  | |  / ____|   | |                    |
|                    | |   | |_) | | |  | | | |  __    | |                    |
|                    |_|   |  _ <  | |  | | | | |_ |   |_|                    |
|                     _    | |_) | | |__| | | |__| |    _                     |
|                    (_)   |____/   \____/   \_____|   (_)                    |
|                                                                             |
|     internal error in: nonlr.F  at line: 596                                |
|                                                                             |
|     REAL_OPTLAY: internal error (1) 5129636 5136156                         |
|                                                                             |
|     If you are not a developer, you should not encounter this problem.      |
|     Please submit a bug report.                                             |
|                                                                             |
 -----------------------------------------------------------------------------

 -----------------------------------------------------------------------------
|                     _     ____    _    _    _____     _                     |
|                    | |   |  _ \  | |  | |  / ____|   | |                    |
|                    | |   | |_) | | |  | | | |  __    | |                    |
|                    |_|   |  _ <  | |  | | | | |_ |   |_|                    |
|                     _    | |_) | | |__| | | |__| |    _                     |
|                    (_)   |____/   \____/   \_____|   (_)                    |
|                                                                             |
|     internal error in: nonlr.F  at line: 596                                |
|                                                                             |
|     REAL_OPTLAY: internal error (1) 5129636 5136156                         |
|                                                                             |
|     If you are not a developer, you should not encounter this problem.      |
|     Please submit a bug report.                                             |
|                                                                             |
 -----------------------------------------------------------------------------

 -----------------------------------------------------------------------------
|                     _     ____    _    _    _____     _                     |
|                    | |   |  _ \  | |  | |  / ____|   | |                    |
|                    | |   | |_) | | |  | | | |  __    | |                    |
|                    |_|   |  _ <  | |  | | | | |_ |   |_|                    |
|                     _    | |_) | | |__| | | |__| |    _                     |
|                    (_)   |____/   \____/   \_____|   (_)                    |
|                                                                             |
|     internal error in: nonlr.F  at line: 596                                |
|                                                                             |
|     REAL_OPTLAY: internal error (1) 5129636 5136156                         |
|                                                                             |
|     If you are not a developer, you should not encounter this problem.      |
|     Please submit a bug report.                                             |
|                                                                             |
 -----------------------------------------------------------------------------

 -----------------------------------------------------------------------------
|                     _     ____    _    _    _____     _                     |
|                    | |   |  _ \  | |  | |  / ____|   | |                    |
|                    | |   | |_) | | |  | | | |  __    | |                    |
|                    |_|   |  _ <  | |  | | | | |_ |   |_|                    |
|                     _    | |_) | | |__| | | |__| |    _                     |
|                    (_)   |____/   \____/   \_____|   (_)                    |
|                                                                             |
|     internal error in: nonlr.F  at line: 596                                |
|                                                                             |
|     REAL_OPTLAY: internal error (1) 5129636 5136156                         |
|                                                                             |
|     If you are not a developer, you should not encounter this problem.      |
|     Please submit a bug report.                                             |
|                                                                             |
 -----------------------------------------------------------------------------

 -----------------------------------------------------------------------------
|                     _     ____    _    _    _____     _                     |
|                    | |   |  _ \  | |  | |  / ____|   | |                    |
|                    | |   | |_) | | |  | | | |  __    | |                    |
|                    |_|   |  _ <  | |  | | | | |_ |   |_|                    |
|                     _    | |_) | | |__| | | |__| |    _                     |
|                    (_)   |____/   \____/   \_____|   (_)                    |
|                                                                             |
|     internal error in: nonlr.F  at line: 596                                |
|                                                                             |
|     REAL_OPTLAY: internal error (1) 5129636 5136156                         |
|                                                                             |
|     If you are not a developer, you should not encounter this problem.      |
|     Please submit a bug report.                                             |
|                                                                             |
 -----------------------------------------------------------------------------

 -----------------------------------------------------------------------------
|                     _     ____    _    _    _____     _                     |
|                    | |   |  _ \  | |  | |  / ____|   | |                    |
|                    | |   | |_) | | |  | | | |  __    | |                    |
|                    |_|   |  _ <  | |  | | | | |_ |   |_|                    |
|                     _    | |_) | | |__| | | |__| |    _                     |
|                    (_)   |____/   \____/   \_____|   (_)                    |
|                                                                             |
|     internal error in: nonlr.F  at line: 596                                |
|                                                                             |
|     REAL_OPTLAY: internal error (1) 5129636 5136156                         |
|                                                                             |
|     If you are not a developer, you should not encounter this problem.      |
|     Please submit a bug report.                                             |
|                                                                             |
 -----------------------------------------------------------------------------

 -----------------------------------------------------------------------------
|                     _     ____    _    _    _____     _                     |
|                    | |   |  _ \  | |  | |  / ____|   | |                    |
|                    | |   | |_) | | |  | | | |  __    | |                    |
|                    |_|   |  _ <  | |  | | | | |_ |   |_|                    |
|                     _    | |_) | | |__| | | |__| |    _                     |
|                    (_)   |____/   \____/   \_____|   (_)                    |
|                                                                             |
|     internal error in: nonlr.F  at line: 596                                |
|                                                                             |
|     REAL_OPTLAY: internal error (1) 5129636 5136156                         |
|                                                                             |
|     If you are not a developer, you should not encounter this problem.      |
|     Please submit a bug report.                                             |
|                                                                             |
 -----------------------------------------------------------------------------

 -----------------------------------------------------------------------------
|                     _     ____    _    _    _____     _                     |
|                    | |   |  _ \  | |  | |  / ____|   | |                    |
|                    | |   | |_) | | |  | | | |  __    | |                    |
|                    |_|   |  _ <  | |  | | | | |_ |   |_|                    |
|                     _    | |_) | | |__| | | |__| |    _                     |
|                    (_)   |____/   \____/   \_____|   (_)                    |
|                                                                             |
|     internal error in: nonlr.F  at line: 596                                |
|                                                                             |
|     REAL_OPTLAY: internal error (1) 5129636 5136156                         |
|                                                                             |
|     If you are not a developer, you should not encounter this problem.      |
|     Please submit a bug report.                                             |
|                                                                             |
 -----------------------------------------------------------------------------

 -----------------------------------------------------------------------------
|                     _     ____    _    _    _____     _                     |
|                    | |   |  _ \  | |  | |  / ____|   | |                    |
|                    | |   | |_) | | |  | | | |  __    | |                    |
|                    |_|   |  _ <  | |  | | | | |_ |   |_|                    |
|                     _    | |_) | | |__| | | |__| |    _                     |
|                    (_)   |____/   \____/   \_____|   (_)                    |
|                                                                             |
|     internal error in: nonlr.F  at line: 596                                |
|                                                                             |
|     REAL_OPTLAY: internal error (1) 5129636 5136156                         |
|                                                                             |
|     If you are not a developer, you should not encounter this problem.      |
|     Please submit a bug report.                                             |
|                                                                             |
 -----------------------------------------------------------------------------

 -----------------------------------------------------------------------------
|                     _     ____    _    _    _____     _                     |
|                    | |   |  _ \  | |  | |  / ____|   | |                    |
|                    | |   | |_) | | |  | | | |  __    | |                    |
|                    |_|   |  _ <  | |  | | | | |_ |   |_|                    |
|                     _    | |_) | | |__| | | |__| |    _                     |
|                    (_)   |____/   \____/   \_____|   (_)                    |
|                                                                             |
|     internal error in: nonlr.F  at line: 596                                |
|                                                                             |
|     REAL_OPTLAY: internal error (1) 5129636 5136156                         |
|                                                                             |
|     If you are not a developer, you should not encounter this problem.      |
|     Please submit a bug report.                                             |
|                                                                             |
 -----------------------------------------------------------------------------

 -----------------------------------------------------------------------------
|                     _     ____    _    _    _____     _                     |
|                    | |   |  _ \  | |  | |  / ____|   | |                    |
|                    | |   | |_) | | |  | | | |  __    | |                    |
|                    |_|   |  _ <  | |  | | | | |_ |   |_|                    |
|                     _    | |_) | | |__| | | |__| |    _                     |
|                    (_)   |____/   \____/   \_____|   (_)                    |
|                                                                             |
|     internal error in: nonlr.F  at line: 596                                |
|                                                                             |
|     REAL_OPTLAY: internal error (1) 5129636 5136156                         |
|                                                                             |
|     If you are not a developer, you should not encounter this problem.      |
|     Please submit a bug report.                                             |
|                                                                             |
 -----------------------------------------------------------------------------

 -----------------------------------------------------------------------------
|                     _     ____    _    _    _____     _                     |
|                    | |   |  _ \  | |  | |  / ____|   | |                    |
|                    | |   | |_) | | |  | | | |  __    | |                    |
|                    |_|   |  _ <  | |  | | | | |_ |   |_|                    |
|                     _    | |_) | | |__| | | |__| |    _                     |
|                    (_)   |____/   \____/   \_____|   (_)                    |
|                                                                             |
|     internal error in: nonlr.F  at line: 596                                |
|                                                                             |
|     REAL_OPTLAY: internal error (1) 5129636 5136156                         |
|                                                                             |
|     If you are not a developer, you should not encounter this problem.      |
|     Please submit a bug report.                                             |
|                                                                             |
 -----------------------------------------------------------------------------

 -----------------------------------------------------------------------------
|                     _     ____    _    _    _____     _                     |
|                    | |   |  _ \  | |  | |  / ____|   | |                    |
|                    | |   | |_) | | |  | | | |  __    | |                    |
|                    |_|   |  _ <  | |  | | | | |_ |   |_|                    |
|                     _    | |_) | | |__| | | |__| |    _                     |
|                    (_)   |____/   \____/   \_____|   (_)                    |
|                                                                             |
|     internal error in: nonlr.F  at line: 596                                |
|                                                                             |
|     REAL_OPTLAY: internal error (1) 5129636 5136156                         |
|                                                                             |
|     If you are not a developer, you should not encounter this problem.      |
|     Please submit a bug report.                                             |
|                                                                             |
 -----------------------------------------------------------------------------

 -----------------------------------------------------------------------------
|                     _     ____    _    _    _____     _                     |
|                    | |   |  _ \  | |  | |  / ____|   | |                    |
|                    | |   | |_) | | |  | | | |  __    | |                    |
|                    |_|   |  _ <  | |  | | | | |_ |   |_|                    |
|                     _    | |_) | | |__| | | |__| |    _                     |
|                    (_)   |____/   \____/   \_____|   (_)                    |
|                                                                             |
|     internal error in: nonlr.F  at line: 596                                |
|                                                                             |
|     REAL_OPTLAY: internal error (1) 5129636 5136156                         |
|                                                                             |
|     If you are not a developer, you should not encounter this problem.      |
|     Please submit a bug report.                                             |
|                                                                             |
 -----------------------------------------------------------------------------

 -----------------------------------------------------------------------------
|                     _     ____    _    _    _____     _                     |
|                    | |   |  _ \  | |  | |  / ____|   | |                    |
|                    | |   | |_) | | |  | | | |  __    | |                    |
|                    |_|   |  _ <  | |  | | | | |_ |   |_|                    |
|                     _    | |_) | | |__| | | |__| |    _                     |
|                    (_)   |____/   \____/   \_____|   (_)                    |
|                                                                             |
|     internal error in: nonlr.F  at line: 596                                |
|                                                                             |
|     REAL_OPTLAY: internal error (1) 5129636 5136156                         |
|                                                                             |
|     If you are not a developer, you should not encounter this problem.      |
|     Please submit a bug report.                                             |
|                                                                             |
 -----------------------------------------------------------------------------

 -----------------------------------------------------------------------------
|                     _     ____    _    _    _____     _                     |
|                    | |   |  _ \  | |  | |  / ____|   | |                    |
|                    | |   | |_) | | |  | | | |  __    | |                    |
|                    |_|   |  _ <  | |  | | | | |_ |   |_|                    |
|                     _    | |_) | | |__| | | |__| |    _                     |
|                    (_)   |____/   \____/   \_____|   (_)                    |
|                                                                             |
|     internal error in: nonlr.F  at line: 596                                |
|                                                                             |
|     REAL_OPTLAY: internal error (1) 5129636 5136156                         |
|                                                                             |
|     If you are not a developer, you should not encounter this problem.      |
|     Please submit a bug report.                                             |
|                                                                             |
 -----------------------------------------------------------------------------

 -----------------------------------------------------------------------------
|                     _     ____    _    _    _____     _                     |
|                    | |   |  _ \  | |  | |  / ____|   | |                    |
|                    | |   | |_) | | |  | | | |  __    | |                    |
|                    |_|   |  _ <  | |  | | | | |_ |   |_|                    |
|                     _    | |_) | | |__| | | |__| |    _                     |
|                    (_)   |____/   \____/   \_____|   (_)                    |
|                                                                             |
|     internal error in: nonlr.F  at line: 596                                |
|                                                                             |
|     REAL_OPTLAY: internal error (1) 5129636 5136156                         |
|                                                                             |
|     If you are not a developer, you should not encounter this problem.      |
|     Please submit a bug report.                                             |
|                                                                             |
 -----------------------------------------------------------------------------

 -----------------------------------------------------------------------------
|                     _     ____    _    _    _____     _                     |
|                    | |   |  _ \  | |  | |  / ____|   | |                    |
|                    | |   | |_) | | |  | | | |  __    | |                    |
|                    |_|   |  _ <  | |  | | | | |_ |   |_|                    |
|                     _    | |_) | | |__| | | |__| |    _                     |
|                    (_)   |____/   \____/   \_____|   (_)                    |
|                                                                             |
|     internal error in: nonlr.F  at line: 596                                |
|                                                                             |
|     REAL_OPTLAY: internal error (1) 5129636 5136156                         |
|                                                                             |
|     If you are not a developer, you should not encounter this problem.      |
|     Please submit a bug report.                                             |
|                                                                             |
 -----------------------------------------------------------------------------

 -----------------------------------------------------------------------------
|                     _     ____    _    _    _____     _                     |
|                    | |   |  _ \  | |  | |  / ____|   | |                    |
|                    | |   | |_) | | |  | | | |  __    | |                    |
|                    |_|   |  _ <  | |  | | | | |_ |   |_|                    |
|                     _    | |_) | | |__| | | |__| |    _                     |
|                    (_)   |____/   \____/   \_____|   (_)                    |
|                                                                             |
|     internal error in: nonlr.F  at line: 596                                |
|                                                                             |
|     REAL_OPTLAY: internal error (1) 5129636 5136156                         |
|                                                                             |
|     If you are not a developer, you should not encounter this problem.      |
|     Please submit a bug report.                                             |
|                                                                             |
 -----------------------------------------------------------------------------

 -----------------------------------------------------------------------------
|                     _     ____    _    _    _____     _                     |
|                    | |   |  _ \  | |  | |  / ____|   | |                    |
|                    | |   | |_) | | |  | | | |  __    | |                    |
|                    |_|   |  _ <  | |  | | | | |_ |   |_|                    |
|                     _    | |_) | | |__| | | |__| |    _                     |
|                    (_)   |____/   \____/   \_____|   (_)                    |
|                                                                             |
|     internal error in: nonlr.F  at line: 596                                |
|                                                                             |
|     REAL_OPTLAY: internal error (1) 5129636 5136156                         |
|                                                                             |
|     If you are not a developer, you should not encounter this problem.      |
|     Please submit a bug report.                                             |
|                                                                             |
 -----------------------------------------------------------------------------

 -----------------------------------------------------------------------------
|                     _     ____    _    _    _____     _                     |
|                    | |   |  _ \  | |  | |  / ____|   | |                    |
|                    | |   | |_) | | |  | | | |  __    | |                    |
|                    |_|   |  _ <  | |  | | | | |_ |   |_|                    |
|                     _    | |_) | | |__| | | |__| |    _                     |
|                    (_)   |____/   \____/   \_____|   (_)                    |
|                                                                             |
|     internal error in: nonlr.F  at line: 596                                |
|                                                                             |
|     REAL_OPTLAY: internal error (1) 5129636 5136156                         |
|                                                                             |
|     If you are not a developer, you should not encounter this problem.      |
|     Please submit a bug report.                                             |
|                                                                             |
 -----------------------------------------------------------------------------

 -----------------------------------------------------------------------------
|                     _     ____    _    _    _____     _                     |
|                    | |   |  _ \  | |  | |  / ____|   | |                    |
|                    | |   | |_) | | |  | | | |  __    | |                    |
|                    |_|   |  _ <  | |  | | | | |_ |   |_|                    |
|                     _    | |_) | | |__| | | |__| |    _                     |
|                    (_)   |____/   \____/   \_____|   (_)                    |
|                                                                             |
|     internal error in: nonlr.F  at line: 596                                |
|                                                                             |
|     REAL_OPTLAY: internal error (1) 5129636 5136156                         |
|                                                                             |
|     If you are not a developer, you should not encounter this problem.      |
|     Please submit a bug report.                                             |
|                                                                             |
 -----------------------------------------------------------------------------

 -----------------------------------------------------------------------------
|                     _     ____    _    _    _____     _                     |
|                    | |   |  _ \  | |  | |  / ____|   | |                    |
|                    | |   | |_) | | |  | | | |  __    | |                    |
|                    |_|   |  _ <  | |  | | | | |_ |   |_|                    |
|                     _    | |_) | | |__| | | |__| |    _                     |
|                    (_)   |____/   \____/   \_____|   (_)                    |
|                                                                             |
|     internal error in: nonlr.F  at line: 596                                |
|                                                                             |
|     REAL_OPTLAY: internal error (1) 5129636 5136156                         |
|                                                                             |
|     If you are not a developer, you should not encounter this problem.      |
|     Please submit a bug report.                                             |
|                                                                             |
 -----------------------------------------------------------------------------

 -----------------------------------------------------------------------------
|                     _     ____    _    _    _____     _                     |
|                    | |   |  _ \  | |  | |  / ____|   | |                    |
|                    | |   | |_) | | |  | | | |  __    | |                    |
|                    |_|   |  _ <  | |  | | | | |_ |   |_|                    |
|                     _    | |_) | | |__| | | |__| |    _                     |
|                    (_)   |____/   \____/   \_____|   (_)                    |
|                                                                             |
|     internal error in: nonlr.F  at line: 596                                |
|                                                                             |
|     REAL_OPTLAY: internal error (1) 5129636 5136156                         |
|                                                                             |
|     If you are not a developer, you should not encounter this problem.      |
|     Please submit a bug report.                                             |
|                                                                             |
 -----------------------------------------------------------------------------

 -----------------------------------------------------------------------------
|                     _     ____    _    _    _____     _                     |
|                    | |   |  _ \  | |  | |  / ____|   | |                    |
|                    | |   | |_) | | |  | | | |  __    | |                    |
|                    |_|   |  _ <  | |  | | | | |_ |   |_|                    |
|                     _    | |_) | | |__| | | |__| |    _                     |
|                    (_)   |____/   \____/   \_____|   (_)                    |
|                                                                             |
|     internal error in: nonlr.F  at line: 596                                |
|                                                                             |
|     REAL_OPTLAY: internal error (1) 5129636 5136156                         |
|                                                                             |
|     If you are not a developer, you should not encounter this problem.      |
|     Please submit a bug report.                                             |
|                                                                             |
 -----------------------------------------------------------------------------

 -----------------------------------------------------------------------------
|                     _     ____    _    _    _____     _                     |
|                    | |   |  _ \  | |  | |  / ____|   | |                    |
|                    | |   | |_) | | |  | | | |  __    | |                    |
|                    |_|   |  _ <  | |  | | | | |_ |   |_|                    |
|                     _    | |_) | | |__| | | |__| |    _                     |
|                    (_)   |____/   \____/   \_____|   (_)                    |
|                                                                             |
|     internal error in: nonlr.F  at line: 596                                |
|                                                                             |
|     REAL_OPTLAY: internal error (1) 5129636 5136156                         |
|                                                                             |
|     If you are not a developer, you should not encounter this problem.      |
|     Please submit a bug report.                                             |
|                                                                             |
 -----------------------------------------------------------------------------

 -----------------------------------------------------------------------------
|                     _     ____    _    _    _____     _                     |
|                    | |   |  _ \  | |  | |  / ____|   | |                    |
|                    | |   | |_) | | |  | | | |  __    | |                    |
|                    |_|   |  _ <  | |  | | | | |_ |   |_|                    |
|                     _    | |_) | | |__| | | |__| |    _                     |
|                    (_)   |____/   \____/   \_____|   (_)                    |
|                                                                             |
|     internal error in: nonlr.F  at line: 596                                |
|                                                                             |
|     REAL_OPTLAY: internal error (1) 5129636 5136156                         |
|                                                                             |
|     If you are not a developer, you should not encounter this problem.      |
|     Please submit a bug report.                                             |
|                                                                             |
 -----------------------------------------------------------------------------

 -----------------------------------------------------------------------------
|                     _     ____    _    _    _____     _                     |
|                    | |   |  _ \  | |  | |  / ____|   | |                    |
|                    | |   | |_) | | |  | | | |  __    | |                    |
|                    |_|   |  _ <  | |  | | | | |_ |   |_|                    |
|                     _    | |_) | | |__| | | |__| |    _                     |
|                    (_)   |____/   \____/   \_____|   (_)                    |
|                                                                             |
|     internal error in: nonlr.F  at line: 596                                |
|                                                                             |
|     REAL_OPTLAY: internal error (1) 5129636 5136156                         |
|                                                                             |
|     If you are not a developer, you should not encounter this problem.      |
|     Please submit a bug report.                                             |
|                                                                             |
 -----------------------------------------------------------------------------

 -----------------------------------------------------------------------------
|                     _     ____    _    _    _____     _                     |
|                    | |   |  _ \  | |  | |  / ____|   | |                    |
|                    | |   | |_) | | |  | | | |  __    | |                    |
|                    |_|   |  _ <  | |  | | | | |_ |   |_|                    |
|                     _    | |_) | | |__| | | |__| |    _                     |
|                    (_)   |____/   \____/   \_____|   (_)                    |
|                                                                             |
|     internal error in: nonlr.F  at line: 596                                |
|                                                                             |
|     REAL_OPTLAY: internal error (1) 5129636 5136156                         |
|                                                                             |
|     If you are not a developer, you should not encounter this problem.      |
|     Please submit a bug report.                                             |
|                                                                             |
 -----------------------------------------------------------------------------

 -----------------------------------------------------------------------------
|                     _     ____    _    _    _____     _                     |
|                    | |   |  _ \  | |  | |  / ____|   | |                    |
|                    | |   | |_) | | |  | | | |  __    | |                    |
|                    |_|   |  _ <  | |  | | | | |_ |   |_|                    |
|                     _    | |_) | | |__| | | |__| |    _                     |
|                    (_)   |____/   \____/   \_____|   (_)                    |
|                                                                             |
|     internal error in: nonlr.F  at line: 596                                |
|                                                                             |
|     REAL_OPTLAY: internal error (1) 5129636 5136156                         |
|                                                                             |
|     If you are not a developer, you should not encounter this problem.      |
|     Please submit a bug report.                                             |
|                                                                             |
 -----------------------------------------------------------------------------

 -----------------------------------------------------------------------------
|                     _     ____    _    _    _____     _                     |
|                    | |   |  _ \  | |  | |  / ____|   | |                    |
|                    | |   | |_) | | |  | | | |  __    | |                    |
|                    |_|   |  _ <  | |  | | | | |_ |   |_|                    |
|                     _    | |_) | | |__| | | |__| |    _                     |
|                    (_)   |____/   \____/   \_____|   (_)                    |
|                                                                             |
|     internal error in: nonlr.F  at line: 596                                |
|                                                                             |
|     REAL_OPTLAY: internal error (1) 5129636 5136156                         |
|                                                                             |
|     If you are not a developer, you should not encounter this problem.      |
|     Please submit a bug report.                                             |
|                                                                             |
 -----------------------------------------------------------------------------

 -----------------------------------------------------------------------------
|                     _     ____    _    _    _____     _                     |
|                    | |   |  _ \  | |  | |  / ____|   | |                    |
|                    | |   | |_) | | |  | | | |  __    | |                    |
|                    |_|   |  _ <  | |  | | | | |_ |   |_|                    |
|                     _    | |_) | | |__| | | |__| |    _                     |
|                    (_)   |____/   \____/   \_____|   (_)                    |
|                                                                             |
|     internal error in: nonlr.F  at line: 596                                |
|                                                                             |
|     REAL_OPTLAY: internal error (1) 5129636 5136156                         |
|                                                                             |
|     If you are not a developer, you should not encounter this problem.      |
|     Please submit a bug report.                                             |
|                                                                             |
 -----------------------------------------------------------------------------

 -----------------------------------------------------------------------------
|                     _     ____    _    _    _____     _                     |
|                    | |   |  _ \  | |  | |  / ____|   | |                    |
|                    | |   | |_) | | |  | | | |  __    | |                    |
|                    |_|   |  _ <  | |  | | | | |_ |   |_|                    |
|                     _    | |_) | | |__| | | |__| |    _                     |
|                    (_)   |____/   \____/   \_____|   (_)                    |
|                                                                             |
|     internal error in: nonlr.F  at line: 596                                |
|                                                                             |
|     REAL_OPTLAY: internal error (1) 5129636 5136156                         |
|                                                                             |
|     If you are not a developer, you should not encounter this problem.      |
|     Please submit a bug report.                                             |
|                                                                             |
 -----------------------------------------------------------------------------

 -----------------------------------------------------------------------------
|                     _     ____    _    _    _____     _                     |
|                    | |   |  _ \  | |  | |  / ____|   | |                    |
|                    | |   | |_) | | |  | | | |  __    | |                    |
|                    |_|   |  _ <  | |  | | | | |_ |   |_|                    |
|                     _    | |_) | | |__| | | |__| |    _                     |
|                    (_)   |____/   \____/   \_____|   (_)                    |
|                                                                             |
|     internal error in: nonlr.F  at line: 596                                |
|                                                                             |
|     REAL_OPTLAY: internal error (1) 5129636 5136156                         |
|                                                                             |
|     If you are not a developer, you should not encounter this problem.      |
|     Please submit a bug report.                                             |
|                                                                             |
 -----------------------------------------------------------------------------

 -----------------------------------------------------------------------------
|                     _     ____    _    _    _____     _                     |
|                    | |   |  _ \  | |  | |  / ____|   | |                    |
|                    | |   | |_) | | |  | | | |  __    | |                    |
|                    |_|   |  _ <  | |  | | | | |_ |   |_|                    |
|                     _    | |_) | | |__| | | |__| |    _                     |
|                    (_)   |____/   \____/   \_____|   (_)                    |
|                                                                             |
|     internal error in: nonlr.F  at line: 596                                |
|                                                                             |
|     REAL_OPTLAY: internal error (1) 5129636 5136156                         |
|                                                                             |
|     If you are not a developer, you should not encounter this problem.      |
|     Please submit a bug report.                                             |
|                                                                             |
 -----------------------------------------------------------------------------

 -----------------------------------------------------------------------------
|                     _     ____    _    _    _____     _                     |
|                    | |   |  _ \  | |  | |  / ____|   | |                    |
|                    | |   | |_) | | |  | | | |  __    | |                    |
|                    |_|   |  _ <  | |  | | | | |_ |   |_|                    |
|                     _    | |_) | | |__| | | |__| |    _                     |
|                    (_)   |____/   \____/   \_____|   (_)                    |
|                                                                             |
|     internal error in: nonlr.F  at line: 596                                |
|                                                                             |
|     REAL_OPTLAY: internal error (1) 5129636 5136156                         |
|                                                                             |
|     If you are not a developer, you should not encounter this problem.      |
|     Please submit a bug report.                                             |
|                                                                             |
 -----------------------------------------------------------------------------

 -----------------------------------------------------------------------------
|                     _     ____    _    _    _____     _                     |
|                    | |   |  _ \  | |  | |  / ____|   | |                    |
|                    | |   | |_) | | |  | | | |  __    | |                    |
|                    |_|   |  _ <  | |  | | | | |_ |   |_|                    |
|                     _    | |_) | | |__| | | |__| |    _                     |
|                    (_)   |____/   \____/   \_____|   (_)                    |
|                                                                             |
|     internal error in: nonlr.F  at line: 596                                |
|                                                                             |
|     REAL_OPTLAY: internal error (1) 5129636 5136156                         |
|                                                                             |
|     If you are not a developer, you should not encounter this problem.      |
|     Please submit a bug report.                                             |
|                                                                             |
 -----------------------------------------------------------------------------

 -----------------------------------------------------------------------------
|                     _     ____    _    _    _____     _                     |
|                    | |   |  _ \  | |  | |  / ____|   | |                    |
|                    | |   | |_) | | |  | | | |  __    | |                    |
|                    |_|   |  _ <  | |  | | | | |_ |   |_|                    |
|                     _    | |_) | | |__| | | |__| |    _                     |
|                    (_)   |____/   \____/   \_____|   (_)                    |
|                                                                             |
|     internal error in: nonlr.F  at line: 596                                |
|                                                                             |
|     REAL_OPTLAY: internal error (1) 5129636 5136156                         |
|                                                                             |
|     If you are not a developer, you should not encounter this problem.      |
|     Please submit a bug report.                                             |
|                                                                             |
 -----------------------------------------------------------------------------

 -----------------------------------------------------------------------------
|                     _     ____    _    _    _____     _                     |
|                    | |   |  _ \  | |  | |  / ____|   | |                    |
|                    | |   | |_) | | |  | | | |  __    | |                    |
|                    |_|   |  _ <  | |  | | | | |_ |   |_|                    |
|                     _    | |_) | | |__| | | |__| |    _                     |
|                    (_)   |____/   \____/   \_____|   (_)                    |
|                                                                             |
|     internal error in: nonlr.F  at line: 596                                |
|                                                                             |
|     REAL_OPTLAY: internal error (1) 5129636 5136156                         |
|                                                                             |
|     If you are not a developer, you should not encounter this problem.      |
|     Please submit a bug report.                                             |
|                                                                             |
 -----------------------------------------------------------------------------

 -----------------------------------------------------------------------------
|                     _     ____    _    _    _____     _                     |
|                    | |   |  _ \  | |  | |  / ____|   | |                    |
|                    | |   | |_) | | |  | | | |  __    | |                    |
|                    |_|   |  _ <  | |  | | | | |_ |   |_|                    |
|                     _    | |_) | | |__| | | |__| |    _                     |
|                    (_)   |____/   \____/   \_____|   (_)                    |
|                                                                             |
|     internal error in: nonlr.F  at line: 596                                |
|                                                                             |
|     REAL_OPTLAY: internal error (1) 5129636 5136156                         |
|                                                                             |
|     If you are not a developer, you should not encounter this problem.      |
|     Please submit a bug report.                                             |
|                                                                             |
 -----------------------------------------------------------------------------

 -----------------------------------------------------------------------------
|                     _     ____    _    _    _____     _                     |
|                    | |   |  _ \  | |  | |  / ____|   | |                    |
|                    | |   | |_) | | |  | | | |  __    | |                    |
|                    |_|   |  _ <  | |  | | | | |_ |   |_|                    |
|                     _    | |_) | | |__| | | |__| |    _                     |
|                    (_)   |____/   \____/   \_____|   (_)                    |
|                                                                             |
|     internal error in: nonlr.F  at line: 596                                |
|                                                                             |
|     REAL_OPTLAY: internal error (1) 5129636 5136156                         |
|                                                                             |
|     If you are not a developer, you should not encounter this problem.      |
|     Please submit a bug report.                                             |
|                                                                             |
 -----------------------------------------------------------------------------

 -----------------------------------------------------------------------------
|                     _     ____    _    _    _____     _                     |
|                    | |   |  _ \  | |  | |  / ____|   | |                    |
|                    | |   | |_) | | |  | | | |  __    | |                    |
|                    |_|   |  _ <  | |  | | | | |_ |   |_|                    |
|                     _    | |_) | | |__| | | |__| |    _                     |
|                    (_)   |____/   \____/   \_____|   (_)                    |
|                                                                             |
|     internal error in: nonlr.F  at line: 596                                |
|                                                                             |
|     REAL_OPTLAY: internal error (1) 5129636 5136156                         |
|                                                                             |
|     If you are not a developer, you should not encounter this problem.      |
|     Please submit a bug report.                                             |
|                                                                             |
 -----------------------------------------------------------------------------

 -----------------------------------------------------------------------------
|                     _     ____    _    _    _____     _                     |
|                    | |   |  _ \  | |  | |  / ____|   | |                    |
|                    | |   | |_) | | |  | | | |  __    | |                    |
|                    |_|   |  _ <  | |  | | | | |_ |   |_|                    |
|                     _    | |_) | | |__| | | |__| |    _                     |
|                    (_)   |____/   \____/   \_____|   (_)                    |
|                                                                             |
|     internal error in: nonlr.F  at line: 596                                |
|                                                                             |
|     REAL_OPTLAY: internal error (1) 5129636 5136156                         |
|                                                                             |
|     If you are not a developer, you should not encounter this problem.      |
|     Please submit a bug report.                                             |
|                                                                             |
 -----------------------------------------------------------------------------

 -----------------------------------------------------------------------------
|                     _     ____    _    _    _____     _                     |
|                    | |   |  _ \  | |  | |  / ____|   | |                    |
|                    | |   | |_) | | |  | | | |  __    | |                    |
|                    |_|   |  _ <  | |  | | | | |_ |   |_|                    |
|                     _    | |_) | | |__| | | |__| |    _                     |
|                    (_)   |____/   \____/   \_____|   (_)                    |
|                                                                             |
|     internal error in: nonlr.F  at line: 596                                |
|                                                                             |
|     REAL_OPTLAY: internal error (1) 5129636 5136156                         |
|                                                                             |
|     If you are not a developer, you should not encounter this problem.      |
|     Please submit a bug report.                                             |
|                                                                             |
 -----------------------------------------------------------------------------

 -----------------------------------------------------------------------------
|                     _     ____    _    _    _____     _                     |
|                    | |   |  _ \  | |  | |  / ____|   | |                    |
|                    | |   | |_) | | |  | | | |  __    | |                    |
|                    |_|   |  _ <  | |  | | | | |_ |   |_|                    |
|                     _    | |_) | | |__| | | |__| |    _                     |
|                    (_)   |____/   \____/   \_____|   (_)                    |
|                                                                             |
|     internal error in: nonlr.F  at line: 596                                |
|                                                                             |
|     REAL_OPTLAY: internal error (1) 5129636 5136156                         |
|                                                                             |
|     If you are not a developer, you should not encounter this problem.      |
|     Please submit a bug report.                                             |
|                                                                             |
 -----------------------------------------------------------------------------

 -----------------------------------------------------------------------------
|                     _     ____    _    _    _____     _                     |
|                    | |   |  _ \  | |  | |  / ____|   | |                    |
|                    | |   | |_) | | |  | | | |  __    | |                    |
|                    |_|   |  _ <  | |  | | | | |_ |   |_|                    |
|                     _    | |_) | | |__| | | |__| |    _                     |
|                    (_)   |____/   \____/   \_____|   (_)                    |
|                                                                             |
|     internal error in: nonlr.F  at line: 596                                |
|                                                                             |
|     REAL_OPTLAY: internal error (1) 5129636 5136156                         |
|                                                                             |
|     If you are not a developer, you should not encounter this problem.      |
|     Please submit a bug report.                                             |
|                                                                             |
 -----------------------------------------------------------------------------

 -----------------------------------------------------------------------------
|                     _     ____    _    _    _____     _                     |
|                    | |   |  _ \  | |  | |  / ____|   | |                    |
|                    | |   | |_) | | |  | | | |  __    | |                    |
|                    |_|   |  _ <  | |  | | | | |_ |   |_|                    |
|                     _    | |_) | | |__| | | |__| |    _                     |
|                    (_)   |____/   \____/   \_____|   (_)                    |
|                                                                             |
|     internal error in: nonlr.F  at line: 596                                |
|                                                                             |
|     REAL_OPTLAY: internal error (1) 5129636 5136156                         |
|                                                                             |
|     If you are not a developer, you should not encounter this problem.      |
|     Please submit a bug report.                                             |
|                                                                             |
 -----------------------------------------------------------------------------

 -----------------------------------------------------------------------------
|                     _     ____    _    _    _____     _                     |
|                    | |   |  _ \  | |  | |  / ____|   | |                    |
|                    | |   | |_) | | |  | | | |  __    | |                    |
|                    |_|   |  _ <  | |  | | | | |_ |   |_|                    |
|                     _    | |_) | | |__| | | |__| |    _                     |
|                    (_)   |____/   \____/   \_____|   (_)                    |
|                                                                             |
|     internal error in: nonlr.F  at line: 596                                |
|                                                                             |
|     REAL_OPTLAY: internal error (1) 5129636 5136156                         |
|                                                                             |
|     If you are not a developer, you should not encounter this problem.      |
|     Please submit a bug report.                                             |
|                                                                             |
 -----------------------------------------------------------------------------

forrtl: severe (174): SIGSEGV, segmentation fault occurred
Image              PC                Routine            Line        Source             
vasp_gam           00000000078FE4D3  for__signal_handl     Unknown  Unknown
libpthread-2.31.s  00007FAFCE62C910  Unknown               Unknown  Unknown
libc-2.31.so       00007FAFCBA886DE  __libc_malloc         Unknown  Unknown
vasp_gam           00000000079B1370  _mm_malloc            Unknown  Unknown
vasp_gam           0000000007931F21  for_alloc_allocat     Unknown  Unknown
vasp_gam           000000000041C44C  Unknown               Unknown  Unknown
vasp_gam           000000000042A712  Unknown               Unknown  Unknown
vasp_gam           000000000042B22B  Unknown               Unknown  Unknown
vasp_gam           00000000009BEBFB  Unknown               Unknown  Unknown
vasp_gam           0000000001D78C55  Unknown               Unknown  Unknown
vasp_gam           0000000000419D22  Unknown               Unknown  Unknown
libc-2.31.so       00007FAFCBA2024D  __libc_start_main     Unknown  Unknown
vasp_gam           0000000000419C3A  Unknown               Unknown  Unknown
srun: error: nid00748: task 52: Exited with exit code 174
srun: Terminating StepId=5471906.0
slurmstepd: error: *** STEP 5471906.0 ON nid00748 CANCELLED AT 2025-05-17T12:48:30 ***
corrupted size vs. prev_size
forrtl: error (78): process killed (SIGTERM)
Image              PC                Routine            Line        Source             

Stack trace terminated abnormally.
corrupted size vs. prev_size
forrtl: error (78): process killed (SIGTERM)
Image              PC                Routine            Line        Source             
vasp_gam           00000000078FE504  for__signal_handl     Unknown  Unknown
libpthread-2.31.s  00007F624AC10910  Unknown               Unknown  Unknown
libc-2.31.so       00007F62480AB0CA  clock_nanosleep       Unknown  Unknown
libc-2.31.so       00007F62480B0E43  nanosleep             Unknown  Unknown
libc-2.31.so       00007F62480B0D5A  sleep                 Unknown  Unknown
vasp_gam           000000000044552B  Unknown               Unknown  Unknown
vasp_gam           000000000042B316  Unknown               Unknown  Unknown
vasp_gam           00000000009BEBFB  Unknown               Unknown  Unknown
vasp_gam           0000000001D78C55  Unknown               Unknown  Unknown
vasp_gam           0000000000419D22  Unknown               Unknown  Unknown
libc-2.31.so       00007F624800424D  __libc_start_main     Unknown  Unknown
vasp_gam           0000000000419C3A  Unknown               Unknown  Unknown
forrtl: error (78): process killed (SIGTERM)
Image              PC                Routine            Line        Source             
vasp_gam           00000000078FE504  for__signal_handl     Unknown  Unknown
libpthread-2.31.s  00007FB115E45910  Unknown               Unknown  Unknown
libc-2.31.so       00007FB1132E00CA  clock_nanosleep       Unknown  Unknown
libc-2.31.so       00007FB1132E5E43  nanosleep             Unknown  Unknown
libc-2.31.so       00007FB1132E5D5A  sleep                 Unknown  Unknown
vasp_gam           000000000044552B  Unknown               Unknown  Unknown
vasp_gam           000000000042B316  Unknown               Unknown  Unknown
vasp_gam           00000000009BEBFB  Unknown               Unknown  Unknown
vasp_gam           0000000001D78C55  Unknown               Unknown  Unknown
vasp_gam           0000000000419D22  Unknown               Unknown  Unknown
libc-2.31.so       00007FB11323924D  __libc_start_main     Unknown  Unknown
vasp_gam           0000000000419C3A  Unknown               Unknown  Unknown
forrtl: error (78): process killed (SIGTERM)
Image              PC                Routine            Line        Source             
vasp_gam           00000000078FE504  for__signal_handl     Unknown  Unknown
libpthread-2.31.s  00007F66AD3D7910  Unknown               Unknown  Unknown
libc-2.31.so       00007F66AA8720CA  clock_nanosleep       Unknown  Unknown
libc-2.31.so       00007F66AA877E43  nanosleep             Unknown  Unknown
libc-2.31.so       00007F66AA877D5A  sleep                 Unknown  Unknown
vasp_gam           000000000044552B  Unknown               Unknown  Unknown
vasp_gam           000000000042B316  Unknown               Unknown  Unknown
vasp_gam           00000000009BEBFB  Unknown               Unknown  Unknown
vasp_gam           0000000001D78C55  Unknown               Unknown  Unknown
vasp_gam           0000000000419D22  Unknown               Unknown  Unknown
libc-2.31.so       00007F66AA7CB24D  __libc_start_main     Unknown  Unknown
vasp_gam           0000000000419C3A  Unknown               Unknown  Unknown
forrtl: error (78): process killed (SIGTERM)
Image              PC                Routine            Line        Source             
vasp_gam           00000000078FE504  for__signal_handl     Unknown  Unknown
libpthread-2.31.s  00007F3728209910  Unknown               Unknown  Unknown
libc-2.31.so       00007F37256A40CA  clock_nanosleep       Unknown  Unknown
libc-2.31.so       00007F37256A9E43  nanosleep             Unknown  Unknown
libc-2.31.so       00007F37256A9D5A  sleep                 Unknown  Unknown
vasp_gam           000000000044552B  Unknown               Unknown  Unknown
vasp_gam           000000000042B316  Unknown               Unknown  Unknown
vasp_gam           00000000009BEBFB  Unknown               Unknown  Unknown
vasp_gam           0000000001D78C55  Unknown               Unknown  Unknown
vasp_gam           0000000000419D22  Unknown               Unknown  Unknown
libc-2.31.so       00007F37255FD24D  __libc_start_main     Unknown  Unknown
vasp_gam           0000000000419C3A  Unknown               Unknown  Unknown
forrtl: error (78): process killed (SIGTERM)
Image              PC                Routine            Line        Source             
vasp_gam           00000000078FE504  for__signal_handl     Unknown  Unknown
libpthread-2.31.s  00007F08835DB910  Unknown               Unknown  Unknown
libc-2.31.so       00007F0880A760CA  clock_nanosleep       Unknown  Unknown
libc-2.31.so       00007F0880A7BE43  nanosleep             Unknown  Unknown
libc-2.31.so       00007F0880A7BD5A  sleep                 Unknown  Unknown
vasp_gam           000000000044552B  Unknown               Unknown  Unknown
vasp_gam           000000000042B316  Unknown               Unknown  Unknown
vasp_gam           00000000009BEBFB  Unknown               Unknown  Unknown
vasp_gam           0000000001D78C55  Unknown               Unknown  Unknown
vasp_gam           0000000000419D22  Unknown               Unknown  Unknown
libc-2.31.so       00007F08809CF24D  __libc_start_main     Unknown  Unknown
vasp_gam           0000000000419C3A  Unknown               Unknown  Unknown
forrtl: error (78): process killed (SIGTERM)
Image              PC                Routine            Line        Source             
vasp_gam           00000000078FE504  for__signal_handl     Unknown  Unknown
libpthread-2.31.s  00007F8638808910  Unknown               Unknown  Unknown
libc-2.31.so       00007F8635CA30CA  clock_nanosleep       Unknown  Unknown
libc-2.31.so       00007F8635CA8E43  nanosleep             Unknown  Unknown
libc-2.31.so       00007F8635CA8D5A  sleep                 Unknown  Unknown
vasp_gam           000000000044552B  Unknown               Unknown  Unknown
vasp_gam           000000000042B316  Unknown               Unknown  Unknown
vasp_gam           00000000009BEBFB  Unknown               Unknown  Unknown
vasp_gam           0000000001D78C55  Unknown               Unknown  Unknown
vasp_gam           0000000000419D22  Unknown               Unknown  Unknown
libc-2.31.so       00007F8635BFC24D  __libc_start_main     Unknown  Unknown
vasp_gam           0000000000419C3A  Unknown               Unknown  Unknown
forrtl: error (78): process killed (SIGTERM)
Image              PC                Routine            Line        Source             
vasp_gam           00000000078FE504  for__signal_handl     Unknown  Unknown
libpthread-2.31.s  00007FE3401A4910  Unknown               Unknown  Unknown
libc-2.31.so       00007FE33D63F0CA  clock_nanosleep       Unknown  Unknown
libc-2.31.so       00007FE33D644E43  nanosleep             Unknown  Unknown
libc-2.31.so       00007FE33D644D5A  sleep                 Unknown  Unknown
vasp_gam           000000000044552B  Unknown               Unknown  Unknown
vasp_gam           000000000042B316  Unknown               Unknown  Unknown
vasp_gam           00000000009BEBFB  Unknown               Unknown  Unknown
vasp_gam           0000000001D78C55  Unknown               Unknown  Unknown
vasp_gam           0000000000419D22  Unknown               Unknown  Unknown
libc-2.31.so       00007FE33D59824D  __libc_start_main     Unknown  Unknown
vasp_gam           0000000000419C3A  Unknown               Unknown  Unknown
forrtl: error (78): process killed (SIGTERM)
Image              PC                Routine            Line        Source             
vasp_gam           00000000078FE504  for__signal_handl     Unknown  Unknown
libpthread-2.31.s  00007F5A489BC910  Unknown               Unknown  Unknown
libc-2.31.so       00007F5A45E570CA  clock_nanosleep       Unknown  Unknown
libc-2.31.so       00007F5A45E5CE43  nanosleep             Unknown  Unknown
libc-2.31.so       00007F5A45E5CD5A  sleep                 Unknown  Unknown
vasp_gam           000000000044552B  Unknown               Unknown  Unknown
vasp_gam           000000000042B316  Unknown               Unknown  Unknown
vasp_gam           00000000009BEBFB  Unknown               Unknown  Unknown
vasp_gam           0000000001D78C55  Unknown               Unknown  Unknown
vasp_gam           0000000000419D22  Unknown               Unknown  Unknown
libc-2.31.so       00007F5A45DB024D  __libc_start_main     Unknown  Unknown
vasp_gam           0000000000419C3A  Unknown               Unknown  Unknown
forrtl: error (78): process killed (SIGTERM)
Image              PC                Routine            Line        Source             
vasp_gam           00000000078FE504  for__signal_handl     Unknown  Unknown
libpthread-2.31.s  00007F22FF70F910  Unknown               Unknown  Unknown
libc-2.31.so       00007F22FCBAA0CA  clock_nanosleep       Unknown  Unknown
libc-2.31.so       00007F22FCBAFE43  nanosleep             Unknown  Unknown
libc-2.31.so       00007F22FCBAFD5A  sleep                 Unknown  Unknown
vasp_gam           000000000044552B  Unknown               Unknown  Unknown
vasp_gam           000000000042B316  Unknown               Unknown  Unknown
vasp_gam           00000000009BEBFB  Unknown               Unknown  Unknown
vasp_gam           0000000001D78C55  Unknown               Unknown  Unknown
vasp_gam           0000000000419D22  Unknown               Unknown  Unknown
libc-2.31.so       00007F22FCB0324D  __libc_start_main     Unknown  Unknown
vasp_gam           0000000000419C3A  Unknown               Unknown  Unknown
forrtl: error (78): process killed (SIGTERM)
Image              PC                Routine            Line        Source             
vasp_gam           00000000078FE504  for__signal_handl     Unknown  Unknown
libpthread-2.31.s  00007FB624199910  Unknown               Unknown  Unknown
libc-2.31.so       00007FB6216340CA  clock_nanosleep       Unknown  Unknown
libc-2.31.so       00007FB621639E43  nanosleep             Unknown  Unknown
libc-2.31.so       00007FB621639D5A  sleep                 Unknown  Unknown
vasp_gam           000000000044552B  Unknown               Unknown  Unknown
vasp_gam           000000000042B316  Unknown               Unknown  Unknown
vasp_gam           00000000009BEBFB  Unknown               Unknown  Unknown
vasp_gam           0000000001D78C55  Unknown               Unknown  Unknown
vasp_gam           0000000000419D22  Unknown               Unknown  Unknown
libc-2.31.so       00007FB62158D24D  __libc_start_main     Unknown  Unknown
vasp_gam           0000000000419C3A  Unknown               Unknown  Unknown
forrtl: error (78): process killed (SIGTERM)
Image              PC                Routine            Line        Source             
vasp_gam           00000000078FE504  for__signal_handl     Unknown  Unknown
libpthread-2.31.s  00007F0A2BD0F910  Unknown               Unknown  Unknown
libc-2.31.so       00007F0A291AA0CA  clock_nanosleep       Unknown  Unknown
libc-2.31.so       00007F0A291AFE43  nanosleep             Unknown  Unknown
libc-2.31.so       00007F0A291AFD5A  sleep                 Unknown  Unknown
vasp_gam           000000000044552B  Unknown               Unknown  Unknown
vasp_gam           000000000042B316  Unknown               Unknown  Unknown
vasp_gam           00000000009BEBFB  Unknown               Unknown  Unknown
vasp_gam           0000000001D78C55  Unknown               Unknown  Unknown
vasp_gam           0000000000419D22  Unknown               Unknown  Unknown
libc-2.31.so       00007F0A2910324D  __libc_start_main     Unknown  Unknown
vasp_gam           0000000000419C3A  Unknown               Unknown  Unknown
forrtl: error (78): process killed (SIGTERM)
Image              PC                Routine            Line        Source             
vasp_gam           00000000078FE504  for__signal_handl     Unknown  Unknown
libpthread-2.31.s  00007F8B98171910  Unknown               Unknown  Unknown
libc-2.31.so       00007F8B9560C0CA  clock_nanosleep       Unknown  Unknown
libc-2.31.so       00007F8B95611E43  nanosleep             Unknown  Unknown
libc-2.31.so       00007F8B95611D5A  sleep                 Unknown  Unknown
vasp_gam           000000000044552B  Unknown               Unknown  Unknown
vasp_gam           000000000042B316  Unknown               Unknown  Unknown
vasp_gam           00000000009BEBFB  Unknown               Unknown  Unknown
vasp_gam           0000000001D78C55  Unknown               Unknown  Unknown
vasp_gam           0000000000419D22  Unknown               Unknown  Unknown
libc-2.31.so       00007F8B9556524D  __libc_start_main     Unknown  Unknown
vasp_gam           0000000000419C3A  Unknown               Unknown  Unknown
forrtl: error (78): process killed (SIGTERM)
Image              PC                Routine            Line        Source             
vasp_gam           00000000078FE504  for__signal_handl     Unknown  Unknown
libpthread-2.31.s  00007FD9AE630910  Unknown               Unknown  Unknown

Stack trace terminated abnormally.
forrtl: error (78): process killed (SIGTERM)
Image              PC                Routine            Line        Source             
vasp_gam           00000000078FE504  for__signal_handl     Unknown  Unknown
libpthread-2.31.s  00007F962ECDB910  Unknown               Unknown  Unknown
libc-2.31.so       00007F962C1760CA  clock_nanosleep       Unknown  Unknown
libc-2.31.so       00007F962C17BE43  nanosleep             Unknown  Unknown
libc-2.31.so       00007F962C17BD5A  sleep                 Unknown  Unknown
vasp_gam           000000000044552B  Unknown               Unknown  Unknown
vasp_gam           000000000042B316  Unknown               Unknown  Unknown
vasp_gam           00000000009BEBFB  Unknown               Unknown  Unknown
vasp_gam           0000000001D78C55  Unknown               Unknown  Unknown
vasp_gam           0000000000419D22  Unknown               Unknown  Unknown
libc-2.31.so       00007F962C0CF24D  __libc_start_main     Unknown  Unknown
vasp_gam           0000000000419C3A  Unknown               Unknown  Unknown
forrtl: error (78): process killed (SIGTERM)
Image              PC                Routine            Line        Source             
vasp_gam           00000000078FE504  for__signal_handl     Unknown  Unknown
libpthread-2.31.s  00007F271EFCC910  Unknown               Unknown  Unknown
libc-2.31.so       00007F271C4670CA  clock_nanosleep       Unknown  Unknown
libc-2.31.so       00007F271C46CE43  nanosleep             Unknown  Unknown
libc-2.31.so       00007F271C46CD5A  sleep                 Unknown  Unknown
vasp_gam           000000000044552B  Unknown               Unknown  Unknown
vasp_gam           000000000042B316  Unknown               Unknown  Unknown
vasp_gam           00000000009BEBFB  Unknown               Unknown  Unknown
vasp_gam           0000000001D78C55  Unknown               Unknown  Unknown
vasp_gam           0000000000419D22  Unknown               Unknown  Unknown
libc-2.31.so       00007F271C3C024D  __libc_start_main     Unknown  Unknown
vasp_gam           0000000000419C3A  Unknown               Unknown  Unknown
forrtl: error (78): process killed (SIGTERM)
Image              PC                Routine            Line        Source             
vasp_gam           00000000078FE504  for__signal_handl     Unknown  Unknown
libpthread-2.31.s  00007F97FFB97910  Unknown               Unknown  Unknown
libc-2.31.so       00007F97FD0320CA  clock_nanosleep       Unknown  Unknown
libc-2.31.so       00007F97FD037E43  nanosleep             Unknown  Unknown
libc-2.31.so       00007F97FD037D5A  sleep                 Unknown  Unknown
vasp_gam           000000000044552B  Unknown               Unknown  Unknown
vasp_gam           000000000042B316  Unknown               Unknown  Unknown
vasp_gam           00000000009BEBFB  Unknown               Unknown  Unknown
vasp_gam           0000000001D78C55  Unknown               Unknown  Unknown
vasp_gam           0000000000419D22  Unknown               Unknown  Unknown
libc-2.31.so       00007F97FCF8B24D  __libc_start_main     Unknown  Unknown
vasp_gam           0000000000419C3A  Unknown               Unknown  Unknown
forrtl: error (78): process killed (SIGTERM)
Image              PC                Routine            Line        Source             
vasp_gam           00000000078FE504  for__signal_handl     Unknown  Unknown
libpthread-2.31.s  00007FA8B74DF910  Unknown               Unknown  Unknown
libc-2.31.so       00007FA8B497A0CA  clock_nanosleep       Unknown  Unknown
libc-2.31.so       00007FA8B497FE43  nanosleep             Unknown  Unknown
libc-2.31.so       00007FA8B497FD5A  sleep                 Unknown  Unknown
vasp_gam           000000000044552B  Unknown               Unknown  Unknown
vasp_gam           000000000042B316  Unknown               Unknown  Unknown
vasp_gam           00000000009BEBFB  Unknown               Unknown  Unknown
vasp_gam           0000000001D78C55  Unknown               Unknown  Unknown
vasp_gam           0000000000419D22  Unknown               Unknown  Unknown
libc-2.31.so       00007FA8B48D324D  __libc_start_main     Unknown  Unknown
vasp_gam           0000000000419C3A  Unknown               Unknown  Unknown
forrtl: error (78): process killed (SIGTERM)
Image              PC                Routine            Line        Source             
vasp_gam           00000000078FE504  for__signal_handl     Unknown  Unknown
libpthread-2.31.s  00007F67195C7910  Unknown               Unknown  Unknown
libc-2.31.so       00007F6716A620CA  clock_nanosleep       Unknown  Unknown
libc-2.31.so       00007F6716A67E43  nanosleep             Unknown  Unknown
libc-2.31.so       00007F6716A67D5A  sleep                 Unknown  Unknown
vasp_gam           000000000044552B  Unknown               Unknown  Unknown
vasp_gam           000000000042B316  Unknown               Unknown  Unknown
vasp_gam           00000000009BEBFB  Unknown               Unknown  Unknown
vasp_gam           0000000001D78C55  Unknown               Unknown  Unknown
vasp_gam           0000000000419D22  Unknown               Unknown  Unknown
libc-2.31.so       00007F67169BB24D  __libc_start_main     Unknown  Unknown
vasp_gam           0000000000419C3A  Unknown               Unknown  Unknown
forrtl: error (78): process killed (SIGTERM)
Image              PC                Routine            Line        Source             
vasp_gam           00000000078FE504  for__signal_handl     Unknown  Unknown
libpthread-2.31.s  00007FD07D314910  Unknown               Unknown  Unknown
libc-2.31.so       00007FD07A7AF0CA  clock_nanosleep       Unknown  Unknown
libc-2.31.so       00007FD07A7B4E43  nanosleep             Unknown  Unknown
libc-2.31.so       00007FD07A7B4D5A  sleep                 Unknown  Unknown
vasp_gam           000000000044552B  Unknown               Unknown  Unknown
vasp_gam           000000000042B316  Unknown               Unknown  Unknown
vasp_gam           00000000009BEBFB  Unknown               Unknown  Unknown
vasp_gam           0000000001D78C55  Unknown               Unknown  Unknown
vasp_gam           0000000000419D22  Unknown               Unknown  Unknown
libc-2.31.so       00007FD07A70824D  __libc_start_main     Unknown  Unknown
vasp_gam           0000000000419C3A  Unknown               Unknown  Unknown
forrtl: error (78): process killed (SIGTERM)
Image              PC                Routine            Line        Source             
vasp_gam           00000000078FE504  for__signal_handl     Unknown  Unknown
libpthread-2.31.s  00007F43739E8910  Unknown               Unknown  Unknown
libc-2.31.so       00007F4370E830CA  clock_nanosleep       Unknown  Unknown
libc-2.31.so       00007F4370E88E43  nanosleep             Unknown  Unknown
libc-2.31.so       00007F4370E88D5A  sleep                 Unknown  Unknown
vasp_gam           000000000044552B  Unknown               Unknown  Unknown
vasp_gam           000000000042B316  Unknown               Unknown  Unknown
vasp_gam           00000000009BEBFB  Unknown               Unknown  Unknown
vasp_gam           0000000001D78C55  Unknown               Unknown  Unknown
vasp_gam           0000000000419D22  Unknown               Unknown  Unknown
libc-2.31.so       00007F4370DDC24D  __libc_start_main     Unknown  Unknown
vasp_gam           0000000000419C3A  Unknown               Unknown  Unknown
forrtl: error (78): process killed (SIGTERM)
Image              PC                Routine            Line        Source             
vasp_gam           00000000078FE504  for__signal_handl     Unknown  Unknown
libpthread-2.31.s  00007F6B12AB1910  Unknown               Unknown  Unknown
libc-2.31.so       00007F6B0FF4C0CA  clock_nanosleep       Unknown  Unknown
libc-2.31.so       00007F6B0FF51E43  nanosleep             Unknown  Unknown
libc-2.31.so       00007F6B0FF51D5A  sleep                 Unknown  Unknown
vasp_gam           000000000044552B  Unknown               Unknown  Unknown
vasp_gam           000000000042B316  Unknown               Unknown  Unknown
vasp_gam           00000000009BEBFB  Unknown               Unknown  Unknown
vasp_gam           0000000001D78C55  Unknown               Unknown  Unknown
vasp_gam           0000000000419D22  Unknown               Unknown  Unknown
libc-2.31.so       00007F6B0FEA524D  __libc_start_main     Unknown  Unknown
vasp_gam           0000000000419C3A  Unknown               Unknown  Unknown
forrtl: error (78): process killed (SIGTERM)
Image              PC                Routine            Line        Source             
vasp_gam           00000000078FE504  for__signal_handl     Unknown  Unknown
libpthread-2.31.s  00007FD661D99910  Unknown               Unknown  Unknown
libc-2.31.so       00007FD65F2340CA  clock_nanosleep       Unknown  Unknown
libc-2.31.so       00007FD65F239E43  nanosleep             Unknown  Unknown
libc-2.31.so       00007FD65F239D5A  sleep                 Unknown  Unknown
vasp_gam           000000000044552B  Unknown               Unknown  Unknown
vasp_gam           000000000042B316  Unknown               Unknown  Unknown
vasp_gam           00000000009BEBFB  Unknown               Unknown  Unknown
vasp_gam           0000000001D78C55  Unknown               Unknown  Unknown
vasp_gam           0000000000419D22  Unknown               Unknown  Unknown
libc-2.31.so       00007FD65F18D24D  __libc_start_main     Unknown  Unknown
vasp_gam           0000000000419C3A  Unknown               Unknown  Unknown
forrtl: error (78): process killed (SIGTERM)
Image              PC                Routine            Line        Source             
vasp_gam           00000000078FE504  for__signal_handl     Unknown  Unknown
libpthread-2.31.s  00007FA8161DA910  Unknown               Unknown  Unknown
libc-2.31.so       00007FA8136750CA  clock_nanosleep       Unknown  Unknown
libc-2.31.so       00007FA81367AE43  nanosleep             Unknown  Unknown
libc-2.31.so       00007FA81367AD5A  sleep                 Unknown  Unknown
vasp_gam           000000000044552B  Unknown               Unknown  Unknown
vasp_gam           000000000042B316  Unknown               Unknown  Unknown
vasp_gam           00000000009BEBFB  Unknown               Unknown  Unknown
vasp_gam           0000000001D78C55  Unknown               Unknown  Unknown
vasp_gam           0000000000419D22  Unknown               Unknown  Unknown
libc-2.31.so       00007FA8135CE24D  __libc_start_main     Unknown  Unknown
vasp_gam           0000000000419C3A  Unknown               Unknown  Unknown
forrtl: error (78): process killed (SIGTERM)
Image              PC                Routine            Line        Source             
vasp_gam           00000000078FE504  for__signal_handl     Unknown  Unknown
libpthread-2.31.s  00007EFD5D10D910  Unknown               Unknown  Unknown
libc-2.31.so       00007EFD5A5A80CA  clock_nanosleep       Unknown  Unknown
libc-2.31.so       00007EFD5A5ADE43  nanosleep             Unknown  Unknown
libc-2.31.so       00007EFD5A5ADD5A  sleep                 Unknown  Unknown
vasp_gam           000000000044552B  Unknown               Unknown  Unknown
vasp_gam           000000000042B316  Unknown               Unknown  Unknown
vasp_gam           00000000009BEBFB  Unknown               Unknown  Unknown
vasp_gam           0000000001D78C55  Unknown               Unknown  Unknown
vasp_gam           0000000000419D22  Unknown               Unknown  Unknown
libc-2.31.so       00007EFD5A50124D  __libc_start_main     Unknown  Unknown
vasp_gam           0000000000419C3A  Unknown               Unknown  Unknown
forrtl: error (78): process killed (SIGTERM)
Image              PC                Routine            Line        Source             
vasp_gam           00000000078FE504  for__signal_handl     Unknown  Unknown
libpthread-2.31.s  00007FFB515E9910  Unknown               Unknown  Unknown
libc-2.31.so       00007FFB4EA840CA  clock_nanosleep       Unknown  Unknown
libc-2.31.so       00007FFB4EA89E43  nanosleep             Unknown  Unknown
libc-2.31.so       00007FFB4EA89D5A  sleep                 Unknown  Unknown
vasp_gam           000000000044552B  Unknown               Unknown  Unknown
vasp_gam           000000000042B316  Unknown               Unknown  Unknown
vasp_gam           00000000009BEBFB  Unknown               Unknown  Unknown
vasp_gam           0000000001D78C55  Unknown               Unknown  Unknown
vasp_gam           0000000000419D22  Unknown               Unknown  Unknown
libc-2.31.so       00007FFB4E9DD24D  __libc_start_main     Unknown  Unknown
vasp_gam           0000000000419C3A  Unknown               Unknown  Unknown
forrtl: error (78): process killed (SIGTERM)
Image              PC                Routine            Line        Source             
vasp_gam           00000000078FE504  for__signal_handl     Unknown  Unknown
libpthread-2.31.s  00007F84B473A910  Unknown               Unknown  Unknown
libc-2.31.so       00007F84B1BD50CA  clock_nanosleep       Unknown  Unknown
libc-2.31.so       00007F84B1BDAE43  nanosleep             Unknown  Unknown
libc-2.31.so       00007F84B1BDAD5A  sleep                 Unknown  Unknown
vasp_gam           000000000044552B  Unknown               Unknown  Unknown
vasp_gam           000000000042B316  Unknown               Unknown  Unknown
vasp_gam           00000000009BEBFB  Unknown               Unknown  Unknown
vasp_gam           0000000001D78C55  Unknown               Unknown  Unknown
vasp_gam           0000000000419D22  Unknown               Unknown  Unknown
libc-2.31.so       00007F84B1B2E24D  __libc_start_main     Unknown  Unknown
vasp_gam           0000000000419C3A  Unknown               Unknown  Unknown
forrtl: error (78): process killed (SIGTERM)
Image              PC                Routine            Line        Source             
vasp_gam           00000000078FE504  for__signal_handl     Unknown  Unknown
libpthread-2.31.s  00007F68C732D910  Unknown               Unknown  Unknown
libc-2.31.so       00007F68C47C80CA  clock_nanosleep       Unknown  Unknown
libc-2.31.so       00007F68C47CDE43  nanosleep             Unknown  Unknown
libc-2.31.so       00007F68C47CDD5A  sleep                 Unknown  Unknown
vasp_gam           000000000044552B  Unknown               Unknown  Unknown
vasp_gam           000000000042B316  Unknown               Unknown  Unknown
vasp_gam           00000000009BEBFB  Unknown               Unknown  Unknown
vasp_gam           0000000001D78C55  Unknown               Unknown  Unknown
vasp_gam           0000000000419D22  Unknown               Unknown  Unknown
libc-2.31.so       00007F68C472124D  __libc_start_main     Unknown  Unknown
vasp_gam           0000000000419C3A  Unknown               Unknown  Unknown
forrtl: error (78): process killed (SIGTERM)
Image              PC                Routine            Line        Source             
vasp_gam           00000000078FE504  for__signal_handl     Unknown  Unknown
libpthread-2.31.s  00007FBF98719910  Unknown               Unknown  Unknown
libc-2.31.so       00007FBF95BB40CA  clock_nanosleep       Unknown  Unknown
libc-2.31.so       00007FBF95BB9E43  nanosleep             Unknown  Unknown
libc-2.31.so       00007FBF95BB9D5A  sleep                 Unknown  Unknown
vasp_gam           000000000044552B  Unknown               Unknown  Unknown
vasp_gam           000000000042B316  Unknown               Unknown  Unknown
vasp_gam           00000000009BEBFB  Unknown               Unknown  Unknown
vasp_gam           0000000001D78C55  Unknown               Unknown  Unknown
vasp_gam           0000000000419D22  Unknown               Unknown  Unknown
libc-2.31.so       00007FBF95B0D24D  __libc_start_main     Unknown  Unknown
vasp_gam           0000000000419C3A  Unknown               Unknown  Unknown
forrtl: error (78): process killed (SIGTERM)
Image              PC                Routine            Line        Source             
vasp_gam           00000000078FE504  for__signal_handl     Unknown  Unknown
libpthread-2.31.s  00007FB2CADE6910  Unknown               Unknown  Unknown
libc-2.31.so       00007FB2C82810CA  clock_nanosleep       Unknown  Unknown
libc-2.31.so       00007FB2C8286E43  nanosleep             Unknown  Unknown
libc-2.31.so       00007FB2C8286D5A  sleep                 Unknown  Unknown
vasp_gam           000000000044552B  Unknown               Unknown  Unknown
vasp_gam           000000000042B316  Unknown               Unknown  Unknown
vasp_gam           00000000009BEBFB  Unknown               Unknown  Unknown
vasp_gam           0000000001D78C55  Unknown               Unknown  Unknown
vasp_gam           0000000000419D22  Unknown               Unknown  Unknown
libc-2.31.so       00007FB2C81DA24D  __libc_start_main     Unknown  Unknown
vasp_gam           0000000000419C3A  Unknown               Unknown  Unknown
forrtl: error (78): process killed (SIGTERM)
Image              PC                Routine            Line        Source             
vasp_gam           00000000078FE504  for__signal_handl     Unknown  Unknown
libpthread-2.31.s  00007FA1E41C3910  Unknown               Unknown  Unknown
libc-2.31.so       00007FA1E165E0CA  clock_nanosleep       Unknown  Unknown
libc-2.31.so       00007FA1E1663E43  nanosleep             Unknown  Unknown
libc-2.31.so       00007FA1E1663D5A  sleep                 Unknown  Unknown
vasp_gam           000000000044552B  Unknown               Unknown  Unknown
vasp_gam           000000000042B316  Unknown               Unknown  Unknown
vasp_gam           00000000009BEBFB  Unknown               Unknown  Unknown
vasp_gam           0000000001D78C55  Unknown               Unknown  Unknown
vasp_gam           0000000000419D22  Unknown               Unknown  Unknown
libc-2.31.so       00007FA1E15B724D  __libc_start_main     Unknown  Unknown
vasp_gam           0000000000419C3A  Unknown               Unknown  Unknown
forrtl: error (78): process killed (SIGTERM)
Image              PC                Routine            Line        Source             
vasp_gam           00000000078FE504  for__signal_handl     Unknown  Unknown
libpthread-2.31.s  00007FEA8E7D5910  Unknown               Unknown  Unknown
libc-2.31.so       00007FEA8BC700CA  clock_nanosleep       Unknown  Unknown
libc-2.31.so       00007FEA8BC75E43  nanosleep             Unknown  Unknown
libc-2.31.so       00007FEA8BC75D5A  sleep                 Unknown  Unknown
vasp_gam           000000000044552B  Unknown               Unknown  Unknown
vasp_gam           000000000042B316  Unknown               Unknown  Unknown
vasp_gam           00000000009BEBFB  Unknown               Unknown  Unknown
vasp_gam           0000000001D78C55  Unknown               Unknown  Unknown
vasp_gam           0000000000419D22  Unknown               Unknown  Unknown
libc-2.31.so       00007FEA8BBC924D  __libc_start_main     Unknown  Unknown
vasp_gam           0000000000419C3A  Unknown               Unknown  Unknown
forrtl: error (78): process killed (SIGTERM)
Image              PC                Routine            Line        Source             
vasp_gam           00000000078FE504  for__signal_handl     Unknown  Unknown
libpthread-2.31.s  00007F1025E2C910  Unknown               Unknown  Unknown
libc-2.31.so       00007F10232C70CA  clock_nanosleep       Unknown  Unknown
libc-2.31.so       00007F10232CCE43  nanosleep             Unknown  Unknown
libc-2.31.so       00007F10232CCD5A  sleep                 Unknown  Unknown
vasp_gam           000000000044552B  Unknown               Unknown  Unknown
vasp_gam           000000000042B316  Unknown               Unknown  Unknown
vasp_gam           00000000009BEBFB  Unknown               Unknown  Unknown
vasp_gam           0000000001D78C55  Unknown               Unknown  Unknown
vasp_gam           0000000000419D22  Unknown               Unknown  Unknown
libc-2.31.so       00007F102322024D  __libc_start_main     Unknown  Unknown
vasp_gam           0000000000419C3A  Unknown               Unknown  Unknown
forrtl: error (78): process killed (SIGTERM)
Image              PC                Routine            Line        Source             
vasp_gam           00000000078FE504  for__signal_handl     Unknown  Unknown
libpthread-2.31.s  00007F22B4D28910  Unknown               Unknown  Unknown
libc-2.31.so       00007F22B21C30CA  clock_nanosleep       Unknown  Unknown
libc-2.31.so       00007F22B21C8E43  nanosleep             Unknown  Unknown
libc-2.31.so       00007F22B21C8D5A  sleep                 Unknown  Unknown
vasp_gam           000000000044552B  Unknown               Unknown  Unknown
vasp_gam           000000000042B316  Unknown               Unknown  Unknown
vasp_gam           00000000009BEBFB  Unknown               Unknown  Unknown
vasp_gam           0000000001D78C55  Unknown               Unknown  Unknown
vasp_gam           0000000000419D22  Unknown               Unknown  Unknown
libc-2.31.so       00007F22B211C24D  __libc_start_main     Unknown  Unknown
vasp_gam           0000000000419C3A  Unknown               Unknown  Unknown
forrtl: error (78): process killed (SIGTERM)
Image              PC                Routine            Line        Source             
vasp_gam           00000000078FE504  for__signal_handl     Unknown  Unknown
libpthread-2.31.s  00007F44B6918910  Unknown               Unknown  Unknown
libc-2.31.so       00007F44B3DB30CA  clock_nanosleep       Unknown  Unknown
libc-2.31.so       00007F44B3DB8E43  nanosleep             Unknown  Unknown
libc-2.31.so       00007F44B3DB8D5A  sleep                 Unknown  Unknown
vasp_gam           000000000044552B  Unknown               Unknown  Unknown
vasp_gam           000000000042B316  Unknown               Unknown  Unknown
vasp_gam           00000000009BEBFB  Unknown               Unknown  Unknown
vasp_gam           0000000001D78C55  Unknown               Unknown  Unknown
vasp_gam           0000000000419D22  Unknown               Unknown  Unknown
libc-2.31.so       00007F44B3D0C24D  __libc_start_main     Unknown  Unknown
vasp_gam           0000000000419C3A  Unknown               Unknown  Unknown
forrtl: error (78): process killed (SIGTERM)
Image              PC                Routine            Line        Source             
vasp_gam           00000000078FE504  for__signal_handl     Unknown  Unknown
libpthread-2.31.s  00007EFF49528910  Unknown               Unknown  Unknown
libc-2.31.so       00007EFF469C30CA  clock_nanosleep       Unknown  Unknown
libc-2.31.so       00007EFF469C8E43  nanosleep             Unknown  Unknown
libc-2.31.so       00007EFF469C8D5A  sleep                 Unknown  Unknown
vasp_gam           000000000044552B  Unknown               Unknown  Unknown
vasp_gam           000000000042B316  Unknown               Unknown  Unknown
vasp_gam           00000000009BEBFB  Unknown               Unknown  Unknown
vasp_gam           0000000001D78C55  Unknown               Unknown  Unknown
vasp_gam           0000000000419D22  Unknown               Unknown  Unknown
libc-2.31.so       00007EFF4691C24D  __libc_start_main     Unknown  Unknown
vasp_gam           0000000000419C3A  Unknown               Unknown  Unknown
forrtl: error (78): process killed (SIGTERM)
Image              PC                Routine            Line        Source             
vasp_gam           00000000078FE504  for__signal_handl     Unknown  Unknown
libpthread-2.31.s  00007FE4279CD910  Unknown               Unknown  Unknown
libc-2.31.so       00007FE424E680CA  clock_nanosleep       Unknown  Unknown
libc-2.31.so       00007FE424E6DE43  nanosleep             Unknown  Unknown
libc-2.31.so       00007FE424E6DD5A  sleep                 Unknown  Unknown
vasp_gam           000000000044552B  Unknown               Unknown  Unknown
vasp_gam           000000000042B316  Unknown               Unknown  Unknown
vasp_gam           00000000009BEBFB  Unknown               Unknown  Unknown
vasp_gam           0000000001D78C55  Unknown               Unknown  Unknown
vasp_gam           0000000000419D22  Unknown               Unknown  Unknown
libc-2.31.so       00007FE424DC124D  __libc_start_main     Unknown  Unknown
vasp_gam           0000000000419C3A  Unknown               Unknown  Unknown
forrtl: error (78): process killed (SIGTERM)
Image              PC                Routine            Line        Source             
vasp_gam           00000000078FE504  for__signal_handl     Unknown  Unknown
libpthread-2.31.s  00007F371D7B2910  Unknown               Unknown  Unknown
libc-2.31.so       00007F371AC4D0CA  clock_nanosleep       Unknown  Unknown
libc-2.31.so       00007F371AC52E43  nanosleep             Unknown  Unknown
libc-2.31.so       00007F371AC52D5A  sleep                 Unknown  Unknown
vasp_gam           000000000044552B  Unknown               Unknown  Unknown
vasp_gam           000000000042B316  Unknown               Unknown  Unknown
vasp_gam           00000000009BEBFB  Unknown               Unknown  Unknown
vasp_gam           0000000001D78C55  Unknown               Unknown  Unknown
vasp_gam           0000000000419D22  Unknown               Unknown  Unknown
libc-2.31.so       00007F371ABA624D  __libc_start_main     Unknown  Unknown
vasp_gam           0000000000419C3A  Unknown               Unknown  Unknown
forrtl: error (78): process killed (SIGTERM)
Image              PC                Routine            Line        Source             
vasp_gam           00000000078FE504  for__signal_handl     Unknown  Unknown
libpthread-2.31.s  00007F1FB409C910  Unknown               Unknown  Unknown
libc-2.31.so       00007F1FB15370CA  clock_nanosleep       Unknown  Unknown
libc-2.31.so       00007F1FB153CE43  nanosleep             Unknown  Unknown
libc-2.31.so       00007F1FB153CD5A  sleep                 Unknown  Unknown
vasp_gam           000000000044552B  Unknown               Unknown  Unknown
vasp_gam           000000000042B316  Unknown               Unknown  Unknown
vasp_gam           00000000009BEBFB  Unknown               Unknown  Unknown
vasp_gam           0000000001D78C55  Unknown               Unknown  Unknown
vasp_gam           0000000000419D22  Unknown               Unknown  Unknown
libc-2.31.so       00007F1FB149024D  __libc_start_main     Unknown  Unknown
vasp_gam           0000000000419C3A  Unknown               Unknown  Unknown
forrtl: error (78): process killed (SIGTERM)
Image              PC                Routine            Line        Source             
vasp_gam           00000000078FE504  for__signal_handl     Unknown  Unknown
libpthread-2.31.s  00007F755AD5A910  Unknown               Unknown  Unknown
libc-2.31.so       00007F75581F50CA  clock_nanosleep       Unknown  Unknown
libc-2.31.so       00007F75581FAE43  nanosleep             Unknown  Unknown
libc-2.31.so       00007F75581FAD5A  sleep                 Unknown  Unknown
vasp_gam           000000000044552B  Unknown               Unknown  Unknown
vasp_gam           000000000042B316  Unknown               Unknown  Unknown
vasp_gam           00000000009BEBFB  Unknown               Unknown  Unknown
vasp_gam           0000000001D78C55  Unknown               Unknown  Unknown
vasp_gam           0000000000419D22  Unknown               Unknown  Unknown
libc-2.31.so       00007F755814E24D  __libc_start_main     Unknown  Unknown
vasp_gam           0000000000419C3A  Unknown               Unknown  Unknown
forrtl: error (78): process killed (SIGTERM)
Image              PC                Routine            Line        Source             
vasp_gam           00000000078FE504  for__signal_handl     Unknown  Unknown

Stack trace terminated abnormally.
forrtl: error (78): process killed (SIGTERM)
Image              PC                Routine            Line        Source             
vasp_gam           00000000078FE504  for__signal_handl     Unknown  Unknown
libpthread-2.31.s  00007F0B8FBD6910  Unknown               Unknown  Unknown
libc-2.31.so       00007F0B8D0710CA  clock_nanosleep       Unknown  Unknown
libc-2.31.so       00007F0B8D076E43  nanosleep             Unknown  Unknown
libc-2.31.so       00007F0B8D076D5A  sleep                 Unknown  Unknown
vasp_gam           000000000044552B  Unknown               Unknown  Unknown
vasp_gam           000000000042B316  Unknown               Unknown  Unknown
vasp_gam           00000000009BEBFB  Unknown               Unknown  Unknown
vasp_gam           0000000001D78C55  Unknown               Unknown  Unknown
vasp_gam           0000000000419D22  Unknown               Unknown  Unknown
libc-2.31.so       00007F0B8CFCA24D  __libc_start_main     Unknown  Unknown
vasp_gam           0000000000419C3A  Unknown               Unknown  Unknown
forrtl: error (78): process killed (SIGTERM)
Image              PC                Routine            Line        Source             
vasp_gam           00000000078FE504  for__signal_handl     Unknown  Unknown
libpthread-2.31.s  00007F0167284910  Unknown               Unknown  Unknown
libc-2.31.so       00007F016471F0CA  clock_nanosleep       Unknown  Unknown
libc-2.31.so       00007F0164724E43  nanosleep             Unknown  Unknown
libc-2.31.so       00007F0164724D5A  sleep                 Unknown  Unknown
vasp_gam           000000000044552B  Unknown               Unknown  Unknown
vasp_gam           000000000042B316  Unknown               Unknown  Unknown
vasp_gam           00000000009BEBFB  Unknown               Unknown  Unknown
vasp_gam           0000000001D78C55  Unknown               Unknown  Unknown
vasp_gam           0000000000419D22  Unknown               Unknown  Unknown
libc-2.31.so       00007F016467824D  __libc_start_main     Unknown  Unknown
vasp_gam           0000000000419C3A  Unknown               Unknown  Unknown
forrtl: error (78): process killed (SIGTERM)
Image              PC                Routine            Line        Source             
vasp_gam           00000000078FE504  for__signal_handl     Unknown  Unknown
libpthread-2.31.s  00007F1BCAB22910  Unknown               Unknown  Unknown
libc-2.31.so       00007F1BC7FBD0CA  clock_nanosleep       Unknown  Unknown
libc-2.31.so       00007F1BC7FC2E43  nanosleep             Unknown  Unknown
libc-2.31.so       00007F1BC7FC2D5A  sleep                 Unknown  Unknown
vasp_gam           000000000044552B  Unknown               Unknown  Unknown
vasp_gam           000000000042B316  Unknown               Unknown  Unknown
vasp_gam           00000000009BEBFB  Unknown               Unknown  Unknown
vasp_gam           0000000001D78C55  Unknown               Unknown  Unknown
vasp_gam           0000000000419D22  Unknown               Unknown  Unknown
libc-2.31.so       00007F1BC7F1624D  __libc_start_main     Unknown  Unknown
vasp_gam           0000000000419C3A  Unknown               Unknown  Unknown
forrtl: severe (174): SIGSEGV, segmentation fault occurred
Image              PC                Routine            Line        Source             
vasp_gam           00000000078FE579  for__signal_handl     Unknown  Unknown

Stack trace terminated abnormally.
forrtl: error (78): process killed (SIGTERM)
Image              PC                Routine            Line        Source             
vasp_gam           00000000078FE504  for__signal_handl     Unknown  Unknown
libpthread-2.31.s  00007F3B8A49C910  Unknown               Unknown  Unknown
libc-2.31.so       00007F3B879370CA  clock_nanosleep       Unknown  Unknown
libc-2.31.so       00007F3B8793CE43  nanosleep             Unknown  Unknown
libc-2.31.so       00007F3B8793CD5A  sleep                 Unknown  Unknown
vasp_gam           000000000044552B  Unknown               Unknown  Unknown
vasp_gam           000000000042B316  Unknown               Unknown  Unknown
vasp_gam           00000000009BEBFB  Unknown               Unknown  Unknown
vasp_gam           0000000001D78C55  Unknown               Unknown  Unknown
vasp_gam           0000000000419D22  Unknown               Unknown  Unknown
libc-2.31.so       00007F3B8789024D  __libc_start_main     Unknown  Unknown
vasp_gam           0000000000419C3A  Unknown               Unknown  Unknown
forrtl: error (78): process killed (SIGTERM)
Image              PC                Routine            Line        Source             
vasp_gam           00000000078FE504  for__signal_handl     Unknown  Unknown
libpthread-2.31.s  00007F413F7CC910  Unknown               Unknown  Unknown
libc-2.31.so       00007F413CC670CA  clock_nanosleep       Unknown  Unknown
libc-2.31.so       00007F413CC6CE43  nanosleep             Unknown  Unknown
libc-2.31.so       00007F413CC6CD5A  sleep                 Unknown  Unknown
vasp_gam           000000000044552B  Unknown               Unknown  Unknown
vasp_gam           000000000042B316  Unknown               Unknown  Unknown
vasp_gam           00000000009BEBFB  Unknown               Unknown  Unknown
vasp_gam           0000000001D78C55  Unknown               Unknown  Unknown
vasp_gam           0000000000419D22  Unknown               Unknown  Unknown
libc-2.31.so       00007F413CBC024D  __libc_start_main     Unknown  Unknown
vasp_gam           0000000000419C3A  Unknown               Unknown  Unknown
forrtl: error (78): process killed (SIGTERM)
Image              PC                Routine            Line        Source             
vasp_gam           00000000078FE504  for__signal_handl     Unknown  Unknown
libpthread-2.31.s  00007F44E29D4910  Unknown               Unknown  Unknown
libc-2.31.so       00007F44DFE6F0CA  clock_nanosleep       Unknown  Unknown
libc-2.31.so       00007F44DFE74E43  nanosleep             Unknown  Unknown
libc-2.31.so       00007F44DFE74D5A  sleep                 Unknown  Unknown
vasp_gam           000000000044552B  Unknown               Unknown  Unknown
vasp_gam           000000000042B316  Unknown               Unknown  Unknown
vasp_gam           00000000009BEBFB  Unknown               Unknown  Unknown
vasp_gam           0000000001D78C55  Unknown               Unknown  Unknown
vasp_gam           0000000000419D22  Unknown               Unknown  Unknown
libc-2.31.so       00007F44DFDC824D  __libc_start_main     Unknown  Unknown
vasp_gam           0000000000419C3A  Unknown               Unknown  Unknown
forrtl: error (78): process killed (SIGTERM)
Image              PC                Routine            Line        Source             
vasp_gam           00000000078FE504  for__signal_handl     Unknown  Unknown
libpthread-2.31.s  00007FE111DE5910  Unknown               Unknown  Unknown
libc-2.31.so       00007FE10F2800CA  clock_nanosleep       Unknown  Unknown
libc-2.31.so       00007FE10F285E43  nanosleep             Unknown  Unknown
libc-2.31.so       00007FE10F285D5A  sleep                 Unknown  Unknown
vasp_gam           000000000044552B  Unknown               Unknown  Unknown
vasp_gam           000000000042B316  Unknown               Unknown  Unknown
vasp_gam           00000000009BEBFB  Unknown               Unknown  Unknown
vasp_gam           0000000001D78C55  Unknown               Unknown  Unknown
vasp_gam           0000000000419D22  Unknown               Unknown  Unknown
libc-2.31.so       00007FE10F1D924D  __libc_start_main     Unknown  Unknown
vasp_gam           0000000000419C3A  Unknown               Unknown  Unknown
forrtl: error (78): process killed (SIGTERM)
Image              PC                Routine            Line        Source             
vasp_gam           00000000078FE504  for__signal_handl     Unknown  Unknown
libpthread-2.31.s  00007FBB1B237910  Unknown               Unknown  Unknown
libc-2.31.so       00007FBB186D20CA  clock_nanosleep       Unknown  Unknown
libc-2.31.so       00007FBB186D7E43  nanosleep             Unknown  Unknown
libc-2.31.so       00007FBB186D7D5A  sleep                 Unknown  Unknown
vasp_gam           000000000044552B  Unknown               Unknown  Unknown
vasp_gam           000000000042B316  Unknown               Unknown  Unknown
vasp_gam           00000000009BEBFB  Unknown               Unknown  Unknown
vasp_gam           0000000001D78C55  Unknown               Unknown  Unknown
vasp_gam           0000000000419D22  Unknown               Unknown  Unknown
libc-2.31.so       00007FBB1862B24D  __libc_start_main     Unknown  Unknown
vasp_gam           0000000000419C3A  Unknown               Unknown  Unknown
forrtl: error (78): process killed (SIGTERM)
Image              PC                Routine            Line        Source             
vasp_gam           00000000078FE504  for__signal_handl     Unknown  Unknown
libpthread-2.31.s  00007F87745D4910  Unknown               Unknown  Unknown
libc-2.31.so       00007F8771A6F0CA  clock_nanosleep       Unknown  Unknown
libc-2.31.so       00007F8771A74E43  nanosleep             Unknown  Unknown
libc-2.31.so       00007F8771A74D5A  sleep                 Unknown  Unknown
vasp_gam           000000000044552B  Unknown               Unknown  Unknown
vasp_gam           000000000042B316  Unknown               Unknown  Unknown
vasp_gam           00000000009BEBFB  Unknown               Unknown  Unknown
vasp_gam           0000000001D78C55  Unknown               Unknown  Unknown
vasp_gam           0000000000419D22  Unknown               Unknown  Unknown
libc-2.31.so       00007F87719C824D  __libc_start_main     Unknown  Unknown
vasp_gam           0000000000419C3A  Unknown               Unknown  Unknown
forrtl: error (78): process killed (SIGTERM)
Image              PC                Routine            Line        Source             
vasp_gam           00000000078FE504  for__signal_handl     Unknown  Unknown
libpthread-2.31.s  00007FE7D5962910  Unknown               Unknown  Unknown
libc-2.31.so       00007FE7D2DFD0CA  clock_nanosleep       Unknown  Unknown
libc-2.31.so       00007FE7D2E02E43  nanosleep             Unknown  Unknown
libc-2.31.so       00007FE7D2E02D5A  sleep                 Unknown  Unknown
vasp_gam           000000000044552B  Unknown               Unknown  Unknown
vasp_gam           000000000042B316  Unknown               Unknown  Unknown
vasp_gam           00000000009BEBFB  Unknown               Unknown  Unknown
vasp_gam           0000000001D78C55  Unknown               Unknown  Unknown
vasp_gam           0000000000419D22  Unknown               Unknown  Unknown
libc-2.31.so       00007FE7D2D5624D  __libc_start_main     Unknown  Unknown
vasp_gam           0000000000419C3A  Unknown               Unknown  Unknown
forrtl: error (78): process killed (SIGTERM)
Image              PC                Routine            Line        Source             
vasp_gam           00000000078FE504  for__signal_handl     Unknown  Unknown
libpthread-2.31.s  00007F70E1B60910  Unknown               Unknown  Unknown
libc-2.31.so       00007F70DEFFB0CA  clock_nanosleep       Unknown  Unknown
libc-2.31.so       00007F70DF000E43  nanosleep             Unknown  Unknown
libc-2.31.so       00007F70DF000D5A  sleep                 Unknown  Unknown
vasp_gam           000000000044552B  Unknown               Unknown  Unknown
vasp_gam           000000000042B316  Unknown               Unknown  Unknown
vasp_gam           00000000009BEBFB  Unknown               Unknown  Unknown
vasp_gam           0000000001D78C55  Unknown               Unknown  Unknown
vasp_gam           0000000000419D22  Unknown               Unknown  Unknown
libc-2.31.so       00007F70DEF5424D  __libc_start_main     Unknown  Unknown
vasp_gam           0000000000419C3A  Unknown               Unknown  Unknown
forrtl: error (78): process killed (SIGTERM)
Image              PC                Routine            Line        Source             
vasp_gam           00000000078FE504  for__signal_handl     Unknown  Unknown
libpthread-2.31.s  00007F0AF63B1910  Unknown               Unknown  Unknown
libc-2.31.so       00007F0AF384C0CA  clock_nanosleep       Unknown  Unknown
libc-2.31.so       00007F0AF3851E43  nanosleep             Unknown  Unknown
libc-2.31.so       00007F0AF3851D5A  sleep                 Unknown  Unknown
vasp_gam           000000000044552B  Unknown               Unknown  Unknown
vasp_gam           000000000042B316  Unknown               Unknown  Unknown
vasp_gam           00000000009BEBFB  Unknown               Unknown  Unknown
vasp_gam           0000000001D78C55  Unknown               Unknown  Unknown
vasp_gam           0000000000419D22  Unknown               Unknown  Unknown
libc-2.31.so       00007F0AF37A524D  __libc_start_main     Unknown  Unknown
vasp_gam           0000000000419C3A  Unknown               Unknown  Unknown
forrtl: error (78): process killed (SIGTERM)
Image              PC                Routine            Line        Source             
vasp_gam           00000000078FE504  for__signal_handl     Unknown  Unknown
libpthread-2.31.s  00007F3D2967C910  Unknown               Unknown  Unknown
libc-2.31.so       00007F3D26B170CA  clock_nanosleep       Unknown  Unknown
libc-2.31.so       00007F3D26B1CE43  nanosleep             Unknown  Unknown
libc-2.31.so       00007F3D26B1CD5A  sleep                 Unknown  Unknown
vasp_gam           000000000044552B  Unknown               Unknown  Unknown
vasp_gam           000000000042B316  Unknown               Unknown  Unknown
vasp_gam           00000000009BEBFB  Unknown               Unknown  Unknown
vasp_gam           0000000001D78C55  Unknown               Unknown  Unknown
vasp_gam           0000000000419D22  Unknown               Unknown  Unknown
libc-2.31.so       00007F3D26A7024D  __libc_start_main     Unknown  Unknown
vasp_gam           0000000000419C3A  Unknown               Unknown  Unknown
forrtl: error (78): process killed (SIGTERM)
Image              PC                Routine            Line        Source             
vasp_gam           00000000078FE504  for__signal_handl     Unknown  Unknown
libpthread-2.31.s  00007F431F5D9910  Unknown               Unknown  Unknown
libc-2.31.so       00007F431CA740CA  clock_nanosleep       Unknown  Unknown
libc-2.31.so       00007F431CA79E43  nanosleep             Unknown  Unknown
libc-2.31.so       00007F431CA79D5A  sleep                 Unknown  Unknown
vasp_gam           000000000044552B  Unknown               Unknown  Unknown
vasp_gam           000000000042B316  Unknown               Unknown  Unknown
vasp_gam           00000000009BEBFB  Unknown               Unknown  Unknown
vasp_gam           0000000001D78C55  Unknown               Unknown  Unknown
vasp_gam           0000000000419D22  Unknown               Unknown  Unknown
libc-2.31.so       00007F431C9CD24D  __libc_start_main     Unknown  Unknown
vasp_gam           0000000000419C3A  Unknown               Unknown  Unknown
forrtl: error (78): process killed (SIGTERM)
Image              PC                Routine            Line        Source             
vasp_gam           00000000078FE504  for__signal_handl     Unknown  Unknown
libpthread-2.31.s  00007F9D347A5910  Unknown               Unknown  Unknown
libc-2.31.so       00007F9D31C400CA  clock_nanosleep       Unknown  Unknown
libc-2.31.so       00007F9D31C45E43  nanosleep             Unknown  Unknown
libc-2.31.so       00007F9D31C45D5A  sleep                 Unknown  Unknown
vasp_gam           000000000044552B  Unknown               Unknown  Unknown
vasp_gam           000000000042B316  Unknown               Unknown  Unknown
vasp_gam           00000000009BEBFB  Unknown               Unknown  Unknown
vasp_gam           0000000001D78C55  Unknown               Unknown  Unknown
vasp_gam           0000000000419D22  Unknown               Unknown  Unknown
libc-2.31.so       00007F9D31B9924D  __libc_start_main     Unknown  Unknown
vasp_gam           0000000000419C3A  Unknown               Unknown  Unknown
forrtl: error (78): process killed (SIGTERM)
Image              PC                Routine            Line        Source             
vasp_gam           00000000078FE504  for__signal_handl     Unknown  Unknown
libpthread-2.31.s  00007F6E66FA3910  Unknown               Unknown  Unknown
libc-2.31.so       00007F6E6443E0CA  clock_nanosleep       Unknown  Unknown
libc-2.31.so       00007F6E64443E43  nanosleep             Unknown  Unknown
libc-2.31.so       00007F6E64443D5A  sleep                 Unknown  Unknown
vasp_gam           000000000044552B  Unknown               Unknown  Unknown
vasp_gam           000000000042B316  Unknown               Unknown  Unknown
vasp_gam           00000000009BEBFB  Unknown               Unknown  Unknown
vasp_gam           0000000001D78C55  Unknown               Unknown  Unknown
vasp_gam           0000000000419D22  Unknown               Unknown  Unknown
libc-2.31.so       00007F6E6439724D  __libc_start_main     Unknown  Unknown
vasp_gam           0000000000419C3A  Unknown               Unknown  Unknown
forrtl: error (78): process killed (SIGTERM)
Image              PC                Routine            Line        Source             
vasp_gam           00000000078FE504  for__signal_handl     Unknown  Unknown
libpthread-2.31.s  00007F5B2978E910  Unknown               Unknown  Unknown
libc-2.31.so       00007F5B26C290CA  clock_nanosleep       Unknown  Unknown
libc-2.31.so       00007F5B26C2EE43  nanosleep             Unknown  Unknown
libc-2.31.so       00007F5B26C2ED5A  sleep                 Unknown  Unknown
vasp_gam           000000000044552B  Unknown               Unknown  Unknown
vasp_gam           000000000042B316  Unknown               Unknown  Unknown
vasp_gam           00000000009BEBFB  Unknown               Unknown  Unknown
vasp_gam           0000000001D78C55  Unknown               Unknown  Unknown
vasp_gam           0000000000419D22  Unknown               Unknown  Unknown
libc-2.31.so       00007F5B26B8224D  __libc_start_main     Unknown  Unknown
vasp_gam           0000000000419C3A  Unknown               Unknown  Unknown
forrtl: error (78): process killed (SIGTERM)
Image              PC                Routine            Line        Source             
vasp_gam           00000000078FE504  for__signal_handl     Unknown  Unknown
libpthread-2.31.s  00007F665B50C910  Unknown               Unknown  Unknown
libc-2.31.so       00007F66589A70CA  clock_nanosleep       Unknown  Unknown
libc-2.31.so       00007F66589ACE43  nanosleep             Unknown  Unknown
libc-2.31.so       00007F66589ACD5A  sleep                 Unknown  Unknown
vasp_gam           000000000044552B  Unknown               Unknown  Unknown
vasp_gam           000000000042B316  Unknown               Unknown  Unknown
vasp_gam           00000000009BEBFB  Unknown               Unknown  Unknown
vasp_gam           0000000001D78C55  Unknown               Unknown  Unknown
vasp_gam           0000000000419D22  Unknown               Unknown  Unknown
libc-2.31.so       00007F665890024D  __libc_start_main     Unknown  Unknown
vasp_gam           0000000000419C3A  Unknown               Unknown  Unknown
forrtl: error (78): process killed (SIGTERM)
Image              PC                Routine            Line        Source             
vasp_gam           00000000078FE504  for__signal_handl     Unknown  Unknown
libpthread-2.31.s  00007F60A516E910  Unknown               Unknown  Unknown
libc-2.31.so       00007F60A26090CA  clock_nanosleep       Unknown  Unknown
libc-2.31.so       00007F60A260EE43  nanosleep             Unknown  Unknown
libc-2.31.so       00007F60A260ED5A  sleep                 Unknown  Unknown
vasp_gam           000000000044552B  Unknown               Unknown  Unknown
vasp_gam           000000000042B316  Unknown               Unknown  Unknown
vasp_gam           00000000009BEBFB  Unknown               Unknown  Unknown
vasp_gam           0000000001D78C55  Unknown               Unknown  Unknown
vasp_gam           0000000000419D22  Unknown               Unknown  Unknown
libc-2.31.so       00007F60A256224D  __libc_start_main     Unknown  Unknown
vasp_gam           0000000000419C3A  Unknown               Unknown  Unknown
forrtl: error (78): process killed (SIGTERM)
Image              PC                Routine            Line        Source             
vasp_gam           00000000078FE504  for__signal_handl     Unknown  Unknown
libpthread-2.31.s  00007F4E246DB910  Unknown               Unknown  Unknown
libc-2.31.so       00007F4E21B760CA  clock_nanosleep       Unknown  Unknown
libc-2.31.so       00007F4E21B7BE43  nanosleep             Unknown  Unknown
libc-2.31.so       00007F4E21B7BD5A  sleep                 Unknown  Unknown
vasp_gam           000000000044552B  Unknown               Unknown  Unknown
vasp_gam           000000000042B316  Unknown               Unknown  Unknown
vasp_gam           00000000009BEBFB  Unknown               Unknown  Unknown
vasp_gam           0000000001D78C55  Unknown               Unknown  Unknown
vasp_gam           0000000000419D22  Unknown               Unknown  Unknown
libc-2.31.so       00007F4E21ACF24D  __libc_start_main     Unknown  Unknown
vasp_gam           0000000000419C3A  Unknown               Unknown  Unknown
forrtl: error (78): process killed (SIGTERM)
Image              PC                Routine            Line        Source             
vasp_gam           00000000078FE504  for__signal_handl     Unknown  Unknown
libpthread-2.31.s  00007F2D695EE910  Unknown               Unknown  Unknown
libc-2.31.so       00007F2D66A890CA  clock_nanosleep       Unknown  Unknown
libc-2.31.so       00007F2D66A8EE43  nanosleep             Unknown  Unknown
libc-2.31.so       00007F2D66A8ED5A  sleep                 Unknown  Unknown
vasp_gam           000000000044552B  Unknown               Unknown  Unknown
vasp_gam           000000000042B316  Unknown               Unknown  Unknown
vasp_gam           00000000009BEBFB  Unknown               Unknown  Unknown
vasp_gam           0000000001D78C55  Unknown               Unknown  Unknown
vasp_gam           0000000000419D22  Unknown               Unknown  Unknown
libc-2.31.so       00007F2D669E224D  __libc_start_main     Unknown  Unknown
vasp_gam           0000000000419C3A  Unknown               Unknown  Unknown
forrtl: error (78): process killed (SIGTERM)
Image              PC                Routine            Line        Source             
vasp_gam           00000000078FE504  for__signal_handl     Unknown  Unknown
libpthread-2.31.s  00007F2B198F3910  Unknown               Unknown  Unknown
libc-2.31.so       00007F2B16D8E0CA  clock_nanosleep       Unknown  Unknown
libc-2.31.so       00007F2B16D93E43  nanosleep             Unknown  Unknown
libc-2.31.so       00007F2B16D93D5A  sleep                 Unknown  Unknown
vasp_gam           000000000044552B  Unknown               Unknown  Unknown
vasp_gam           000000000042B316  Unknown               Unknown  Unknown
vasp_gam           00000000009BEBFB  Unknown               Unknown  Unknown
vasp_gam           0000000001D78C55  Unknown               Unknown  Unknown
vasp_gam           0000000000419D22  Unknown               Unknown  Unknown
libc-2.31.so       00007F2B16CE724D  __libc_start_main     Unknown  Unknown
vasp_gam           0000000000419C3A  Unknown               Unknown  Unknown
forrtl: error (78): process killed (SIGTERM)
Image              PC                Routine            Line        Source             
vasp_gam           00000000078FE504  for__signal_handl     Unknown  Unknown
libpthread-2.31.s  00007F309B5DC910  Unknown               Unknown  Unknown
libc-2.31.so       00007F3098A770CA  clock_nanosleep       Unknown  Unknown
libc-2.31.so       00007F3098A7CE43  nanosleep             Unknown  Unknown
libc-2.31.so       00007F3098A7CD5A  sleep                 Unknown  Unknown
vasp_gam           000000000044552B  Unknown               Unknown  Unknown
vasp_gam           000000000042B316  Unknown               Unknown  Unknown
vasp_gam           00000000009BEBFB  Unknown               Unknown  Unknown
vasp_gam           0000000001D78C55  Unknown               Unknown  Unknown
vasp_gam           0000000000419D22  Unknown               Unknown  Unknown
libc-2.31.so       00007F30989D024D  __libc_start_main     Unknown  Unknown
vasp_gam           0000000000419C3A  Unknown               Unknown  Unknown
forrtl: error (78): process killed (SIGTERM)
Image              PC                Routine            Line        Source             
vasp_gam           00000000078FE504  for__signal_handl     Unknown  Unknown
libpthread-2.31.s  00007F826A55D910  Unknown               Unknown  Unknown
libc-2.31.so       00007F82679F80CA  clock_nanosleep       Unknown  Unknown
libc-2.31.so       00007F82679FDE43  nanosleep             Unknown  Unknown
libc-2.31.so       00007F82679FDD5A  sleep                 Unknown  Unknown
vasp_gam           000000000044552B  Unknown               Unknown  Unknown
vasp_gam           000000000042B316  Unknown               Unknown  Unknown
vasp_gam           00000000009BEBFB  Unknown               Unknown  Unknown
vasp_gam           0000000001D78C55  Unknown               Unknown  Unknown
vasp_gam           0000000000419D22  Unknown               Unknown  Unknown
libc-2.31.so       00007F826795124D  __libc_start_main     Unknown  Unknown
vasp_gam           0000000000419C3A  Unknown               Unknown  Unknown
forrtl: error (78): process killed (SIGTERM)
Image              PC                Routine            Line        Source             
vasp_gam           00000000078FE504  for__signal_handl     Unknown  Unknown
libpthread-2.31.s  00007F42E1202910  Unknown               Unknown  Unknown
libc-2.31.so       00007F42DE69D0CA  clock_nanosleep       Unknown  Unknown
libc-2.31.so       00007F42DE6A2E43  nanosleep             Unknown  Unknown
libc-2.31.so       00007F42DE6A2D5A  sleep                 Unknown  Unknown
vasp_gam           000000000044552B  Unknown               Unknown  Unknown
vasp_gam           000000000042B316  Unknown               Unknown  Unknown
vasp_gam           00000000009BEBFB  Unknown               Unknown  Unknown
vasp_gam           0000000001D78C55  Unknown               Unknown  Unknown
vasp_gam           0000000000419D22  Unknown               Unknown  Unknown
libc-2.31.so       00007F42DE5F624D  __libc_start_main     Unknown  Unknown
vasp_gam           0000000000419C3A  Unknown               Unknown  Unknown
forrtl: error (78): process killed (SIGTERM)
Image              PC                Routine            Line        Source             
vasp_gam           00000000078FE504  for__signal_handl     Unknown  Unknown
libpthread-2.31.s  00007FE4A4552910  Unknown               Unknown  Unknown
libc-2.31.so       00007FE4A19ED0CA  clock_nanosleep       Unknown  Unknown
libc-2.31.so       00007FE4A19F2E43  nanosleep             Unknown  Unknown
libc-2.31.so       00007FE4A19F2D5A  sleep                 Unknown  Unknown
vasp_gam           000000000044552B  Unknown               Unknown  Unknown
vasp_gam           000000000042B316  Unknown               Unknown  Unknown
vasp_gam           00000000009BEBFB  Unknown               Unknown  Unknown
vasp_gam           0000000001D78C55  Unknown               Unknown  Unknown
vasp_gam           0000000000419D22  Unknown               Unknown  Unknown
libc-2.31.so       00007FE4A194624D  __libc_start_main     Unknown  Unknown
vasp_gam           0000000000419C3A  Unknown               Unknown  Unknown
forrtl: error (78): process killed (SIGTERM)
Image              PC                Routine            Line        Source             
vasp_gam           00000000078FE504  for__signal_handl     Unknown  Unknown
libpthread-2.31.s  00007F3BEB8A0910  Unknown               Unknown  Unknown
libc-2.31.so       00007F3BE8D3B0CA  clock_nanosleep       Unknown  Unknown
libc-2.31.so       00007F3BE8D40E43  nanosleep             Unknown  Unknown
libc-2.31.so       00007F3BE8D40D5A  sleep                 Unknown  Unknown
vasp_gam           000000000044552B  Unknown               Unknown  Unknown
vasp_gam           000000000042B316  Unknown               Unknown  Unknown
vasp_gam           00000000009BEBFB  Unknown               Unknown  Unknown
vasp_gam           0000000001D78C55  Unknown               Unknown  Unknown
vasp_gam           0000000000419D22  Unknown               Unknown  Unknown
libc-2.31.so       00007F3BE8C9424D  __libc_start_main     Unknown  Unknown
vasp_gam           0000000000419C3A  Unknown               Unknown  Unknown
forrtl: error (78): process killed (SIGTERM)
Image              PC                Routine            Line        Source             
vasp_gam           00000000078FE504  for__signal_handl     Unknown  Unknown
libpthread-2.31.s  00007F907A555910  Unknown               Unknown  Unknown
libc-2.31.so       00007F90779F00CA  clock_nanosleep       Unknown  Unknown
libc-2.31.so       00007F90779F5E43  nanosleep             Unknown  Unknown
libc-2.31.so       00007F90779F5D5A  sleep                 Unknown  Unknown
vasp_gam           000000000044552B  Unknown               Unknown  Unknown
vasp_gam           000000000042B316  Unknown               Unknown  Unknown
vasp_gam           00000000009BEBFB  Unknown               Unknown  Unknown
vasp_gam           0000000001D78C55  Unknown               Unknown  Unknown
vasp_gam           0000000000419D22  Unknown               Unknown  Unknown
libc-2.31.so       00007F907794924D  __libc_start_main     Unknown  Unknown
vasp_gam           0000000000419C3A  Unknown               Unknown  Unknown
forrtl: error (78): process killed (SIGTERM)
Image              PC                Routine            Line        Source             
vasp_gam           00000000078FE504  for__signal_handl     Unknown  Unknown
libpthread-2.31.s  00007F03A4F2C910  Unknown               Unknown  Unknown
libc-2.31.so       00007F03A23C70CA  clock_nanosleep       Unknown  Unknown
libc-2.31.so       00007F03A23CCE43  nanosleep             Unknown  Unknown
libc-2.31.so       00007F03A23CCD5A  sleep                 Unknown  Unknown
vasp_gam           000000000044552B  Unknown               Unknown  Unknown
vasp_gam           000000000042B316  Unknown               Unknown  Unknown
vasp_gam           00000000009BEBFB  Unknown               Unknown  Unknown
vasp_gam           0000000001D78C55  Unknown               Unknown  Unknown
vasp_gam           0000000000419D22  Unknown               Unknown  Unknown
libc-2.31.so       00007F03A232024D  __libc_start_main     Unknown  Unknown
vasp_gam           0000000000419C3A  Unknown               Unknown  Unknown
forrtl: error (78): process killed (SIGTERM)
Image              PC                Routine            Line        Source             
vasp_gam           00000000078FE504  for__signal_handl     Unknown  Unknown
libpthread-2.31.s  00007F1EA6A48910  Unknown               Unknown  Unknown
libc-2.31.so       00007F1EA3EE30CA  clock_nanosleep       Unknown  Unknown
libc-2.31.so       00007F1EA3EE8E43  nanosleep             Unknown  Unknown
libc-2.31.so       00007F1EA3EE8D5A  sleep                 Unknown  Unknown
vasp_gam           000000000044552B  Unknown               Unknown  Unknown
vasp_gam           000000000042B316  Unknown               Unknown  Unknown
vasp_gam           00000000009BEBFB  Unknown               Unknown  Unknown
vasp_gam           0000000001D78C55  Unknown               Unknown  Unknown
vasp_gam           0000000000419D22  Unknown               Unknown  Unknown
libc-2.31.so       00007F1EA3E3C24D  __libc_start_main     Unknown  Unknown
vasp_gam           0000000000419C3A  Unknown               Unknown  Unknown
forrtl: error (78): process killed (SIGTERM)
Image              PC                Routine            Line        Source             
vasp_gam           00000000078FE504  for__signal_handl     Unknown  Unknown
libpthread-2.31.s  00007F8D0C85A910  Unknown               Unknown  Unknown
libc-2.31.so       00007F8D09CF50CA  clock_nanosleep       Unknown  Unknown
libc-2.31.so       00007F8D09CFAE43  nanosleep             Unknown  Unknown
libc-2.31.so       00007F8D09CFAD5A  sleep                 Unknown  Unknown
vasp_gam           000000000044552B  Unknown               Unknown  Unknown
vasp_gam           000000000042B316  Unknown               Unknown  Unknown
vasp_gam           00000000009BEBFB  Unknown               Unknown  Unknown
vasp_gam           0000000001D78C55  Unknown               Unknown  Unknown
vasp_gam           0000000000419D22  Unknown               Unknown  Unknown
libc-2.31.so       00007F8D09C4E24D  __libc_start_main     Unknown  Unknown
vasp_gam           0000000000419C3A  Unknown               Unknown  Unknown
forrtl: error (78): process killed (SIGTERM)
Image              PC                Routine            Line        Source             
vasp_gam           00000000078FE504  for__signal_handl     Unknown  Unknown
libpthread-2.31.s  00007F2CB61DA910  Unknown               Unknown  Unknown
libc-2.31.so       00007F2CB36750CA  clock_nanosleep       Unknown  Unknown
libc-2.31.so       00007F2CB367AE43  nanosleep             Unknown  Unknown
libc-2.31.so       00007F2CB367AD5A  sleep                 Unknown  Unknown
vasp_gam           000000000044552B  Unknown               Unknown  Unknown
vasp_gam           000000000042B316  Unknown               Unknown  Unknown
vasp_gam           00000000009BEBFB  Unknown               Unknown  Unknown
vasp_gam           0000000001D78C55  Unknown               Unknown  Unknown
vasp_gam           0000000000419D22  Unknown               Unknown  Unknown
libc-2.31.so       00007F2CB35CE24D  __libc_start_main     Unknown  Unknown
vasp_gam           0000000000419C3A  Unknown               Unknown  Unknown
forrtl: error (78): process killed (SIGTERM)
Image              PC                Routine            Line        Source             
vasp_gam           00000000078FE504  for__signal_handl     Unknown  Unknown
libpthread-2.31.s  00007FE47A915910  Unknown               Unknown  Unknown
libc-2.31.so       00007FE477DB00CA  clock_nanosleep       Unknown  Unknown
libc-2.31.so       00007FE477DB5E43  nanosleep             Unknown  Unknown
libc-2.31.so       00007FE477DB5D5A  sleep                 Unknown  Unknown
vasp_gam           000000000044552B  Unknown               Unknown  Unknown
vasp_gam           000000000042B316  Unknown               Unknown  Unknown
vasp_gam           00000000009BEBFB  Unknown               Unknown  Unknown
vasp_gam           0000000001D78C55  Unknown               Unknown  Unknown
vasp_gam           0000000000419D22  Unknown               Unknown  Unknown
libc-2.31.so       00007FE477D0924D  __libc_start_main     Unknown  Unknown
vasp_gam           0000000000419C3A  Unknown               Unknown  Unknown
forrtl: error (78): process killed (SIGTERM)
Image              PC                Routine            Line        Source             
vasp_gam           00000000078FE504  for__signal_handl     Unknown  Unknown
libpthread-2.31.s  00007FD62833E910  Unknown               Unknown  Unknown
libc-2.31.so       00007FD6257D90CA  clock_nanosleep       Unknown  Unknown
libc-2.31.so       00007FD6257DEE43  nanosleep             Unknown  Unknown
libc-2.31.so       00007FD6257DED5A  sleep                 Unknown  Unknown
vasp_gam           000000000044552B  Unknown               Unknown  Unknown
vasp_gam           000000000042B316  Unknown               Unknown  Unknown
vasp_gam           00000000009BEBFB  Unknown               Unknown  Unknown
vasp_gam           0000000001D78C55  Unknown               Unknown  Unknown
vasp_gam           0000000000419D22  Unknown               Unknown  Unknown
libc-2.31.so       00007FD62573224D  __libc_start_main     Unknown  Unknown
vasp_gam           0000000000419C3A  Unknown               Unknown  Unknown
forrtl: error (78): process killed (SIGTERM)
Image              PC                Routine            Line        Source             
vasp_gam           00000000078FE504  for__signal_handl     Unknown  Unknown
libpthread-2.31.s  00007FEC26281910  Unknown               Unknown  Unknown
libc-2.31.so       00007FEC2371C0CA  clock_nanosleep       Unknown  Unknown
libc-2.31.so       00007FEC23721E43  nanosleep             Unknown  Unknown
libc-2.31.so       00007FEC23721D5A  sleep                 Unknown  Unknown
vasp_gam           000000000044552B  Unknown               Unknown  Unknown
vasp_gam           000000000042B316  Unknown               Unknown  Unknown
vasp_gam           00000000009BEBFB  Unknown               Unknown  Unknown
vasp_gam           0000000001D78C55  Unknown               Unknown  Unknown
vasp_gam           0000000000419D22  Unknown               Unknown  Unknown
libc-2.31.so       00007FEC2367524D  __libc_start_main     Unknown  Unknown
vasp_gam           0000000000419C3A  Unknown               Unknown  Unknown
forrtl: error (78): process killed (SIGTERM)
Image              PC                Routine            Line        Source             
vasp_gam           00000000078FE504  for__signal_handl     Unknown  Unknown
libpthread-2.31.s  00007F765D1B8910  Unknown               Unknown  Unknown
libc-2.31.so       00007F765A6530CA  clock_nanosleep       Unknown  Unknown
libc-2.31.so       00007F765A658E43  nanosleep             Unknown  Unknown
libc-2.31.so       00007F765A658D5A  sleep                 Unknown  Unknown
vasp_gam           000000000044552B  Unknown               Unknown  Unknown
vasp_gam           000000000042B316  Unknown               Unknown  Unknown
vasp_gam           00000000009BEBFB  Unknown               Unknown  Unknown
vasp_gam           0000000001D78C55  Unknown               Unknown  Unknown
vasp_gam           0000000000419D22  Unknown               Unknown  Unknown
libc-2.31.so       00007F765A5AC24D  __libc_start_main     Unknown  Unknown
vasp_gam           0000000000419C3A  Unknown               Unknown  Unknown
forrtl: error (78): process killed (SIGTERM)
Image              PC                Routine            Line        Source             
vasp_gam           00000000078FE504  for__signal_handl     Unknown  Unknown
libpthread-2.31.s  00007FB359877910  Unknown               Unknown  Unknown
libc-2.31.so       00007FB356D120CA  clock_nanosleep       Unknown  Unknown
libc-2.31.so       00007FB356D17E43  nanosleep             Unknown  Unknown
libc-2.31.so       00007FB356D17D5A  sleep                 Unknown  Unknown
vasp_gam           000000000044552B  Unknown               Unknown  Unknown
vasp_gam           000000000042B316  Unknown               Unknown  Unknown
vasp_gam           00000000009BEBFB  Unknown               Unknown  Unknown
vasp_gam           0000000001D78C55  Unknown               Unknown  Unknown
vasp_gam           0000000000419D22  Unknown               Unknown  Unknown
libc-2.31.so       00007FB356C6B24D  __libc_start_main     Unknown  Unknown
vasp_gam           0000000000419C3A  Unknown               Unknown  Unknown
forrtl: error (78): process killed (SIGTERM)
Image              PC                Routine            Line        Source             
vasp_gam           00000000078FE504  for__signal_handl     Unknown  Unknown
libpthread-2.31.s  00007F3EFF46E910  Unknown               Unknown  Unknown
libc-2.31.so       00007F3EFC9090CA  clock_nanosleep       Unknown  Unknown
libc-2.31.so       00007F3EFC90EE43  nanosleep             Unknown  Unknown
libc-2.31.so       00007F3EFC90ED5A  sleep                 Unknown  Unknown
vasp_gam           000000000044552B  Unknown               Unknown  Unknown
vasp_gam           000000000042B316  Unknown               Unknown  Unknown
vasp_gam           00000000009BEBFB  Unknown               Unknown  Unknown
vasp_gam           0000000001D78C55  Unknown               Unknown  Unknown
vasp_gam           0000000000419D22  Unknown               Unknown  Unknown
libc-2.31.so       00007F3EFC86224D  __libc_start_main     Unknown  Unknown
vasp_gam           0000000000419C3A  Unknown               Unknown  Unknown
forrtl: error (78): process killed (SIGTERM)
Image              PC                Routine            Line        Source             
vasp_gam           00000000078FE504  for__signal_handl     Unknown  Unknown
libpthread-2.31.s  00007F91FB073910  Unknown               Unknown  Unknown
libc-2.31.so       00007F91F850E0CA  clock_nanosleep       Unknown  Unknown
libc-2.31.so       00007F91F8513E43  nanosleep             Unknown  Unknown
libc-2.31.so       00007F91F8513D5A  sleep                 Unknown  Unknown
vasp_gam           000000000044552B  Unknown               Unknown  Unknown
vasp_gam           000000000042B316  Unknown               Unknown  Unknown
vasp_gam           00000000009BEBFB  Unknown               Unknown  Unknown
vasp_gam           0000000001D78C55  Unknown               Unknown  Unknown
vasp_gam           0000000000419D22  Unknown               Unknown  Unknown
libc-2.31.so       00007F91F846724D  __libc_start_main     Unknown  Unknown
vasp_gam           0000000000419C3A  Unknown               Unknown  Unknown
forrtl: error (78): process killed (SIGTERM)
Image              PC                Routine            Line        Source             
vasp_gam           00000000078FE504  for__signal_handl     Unknown  Unknown
libpthread-2.31.s  00007F4876C6D910  Unknown               Unknown  Unknown
libc-2.31.so       00007F48741080CA  clock_nanosleep       Unknown  Unknown
libc-2.31.so       00007F487410DE43  nanosleep             Unknown  Unknown
libc-2.31.so       00007F487410DD5A  sleep                 Unknown  Unknown
vasp_gam           000000000044552B  Unknown               Unknown  Unknown
vasp_gam           000000000042B316  Unknown               Unknown  Unknown
vasp_gam           00000000009BEBFB  Unknown               Unknown  Unknown
vasp_gam           0000000001D78C55  Unknown               Unknown  Unknown
vasp_gam           0000000000419D22  Unknown               Unknown  Unknown
libc-2.31.so       00007F487406124D  __libc_start_main     Unknown  Unknown
vasp_gam           0000000000419C3A  Unknown               Unknown  Unknown
forrtl: error (78): process killed (SIGTERM)
Image              PC                Routine            Line        Source             
vasp_gam           00000000078FE504  for__signal_handl     Unknown  Unknown
libpthread-2.31.s  00007F72C48D0910  Unknown               Unknown  Unknown
libc-2.31.so       00007F72C1D6B0CA  clock_nanosleep       Unknown  Unknown
libc-2.31.so       00007F72C1D70E43  nanosleep             Unknown  Unknown
libc-2.31.so       00007F72C1D70D5A  sleep                 Unknown  Unknown
vasp_gam           000000000044552B  Unknown               Unknown  Unknown
vasp_gam           000000000042B316  Unknown               Unknown  Unknown
vasp_gam           00000000009BEBFB  Unknown               Unknown  Unknown
vasp_gam           0000000001D78C55  Unknown               Unknown  Unknown
vasp_gam           0000000000419D22  Unknown               Unknown  Unknown
libc-2.31.so       00007F72C1CC424D  __libc_start_main     Unknown  Unknown
vasp_gam           0000000000419C3A  Unknown               Unknown  Unknown
forrtl: error (78): process killed (SIGTERM)
Image              PC                Routine            Line        Source             
vasp_gam           00000000078FE504  for__signal_handl     Unknown  Unknown
libpthread-2.31.s  00007F0D8158E910  Unknown               Unknown  Unknown
libc-2.31.so       00007F0D7EA290CA  clock_nanosleep       Unknown  Unknown
libc-2.31.so       00007F0D7EA2EE43  nanosleep             Unknown  Unknown
libc-2.31.so       00007F0D7EA2ED5A  sleep                 Unknown  Unknown
vasp_gam           000000000044552B  Unknown               Unknown  Unknown
vasp_gam           000000000042B316  Unknown               Unknown  Unknown
vasp_gam           00000000009BEBFB  Unknown               Unknown  Unknown
vasp_gam           0000000001D78C55  Unknown               Unknown  Unknown
vasp_gam           0000000000419D22  Unknown               Unknown  Unknown
libc-2.31.so       00007F0D7E98224D  __libc_start_main     Unknown  Unknown
vasp_gam           0000000000419C3A  Unknown               Unknown  Unknown
forrtl: error (78): process killed (SIGTERM)
Image              PC                Routine            Line        Source             
vasp_gam           00000000078FE504  for__signal_handl     Unknown  Unknown
libpthread-2.31.s  00007F1173781910  Unknown               Unknown  Unknown
libc-2.31.so       00007F1170C1C0CA  clock_nanosleep       Unknown  Unknown
libc-2.31.so       00007F1170C21E43  nanosleep             Unknown  Unknown
libc-2.31.so       00007F1170C21D5A  sleep                 Unknown  Unknown
vasp_gam           000000000044552B  Unknown               Unknown  Unknown
vasp_gam           000000000042B316  Unknown               Unknown  Unknown
vasp_gam           00000000009BEBFB  Unknown               Unknown  Unknown
vasp_gam           0000000001D78C55  Unknown               Unknown  Unknown
vasp_gam           0000000000419D22  Unknown               Unknown  Unknown
libc-2.31.so       00007F1170B7524D  __libc_start_main     Unknown  Unknown
vasp_gam           0000000000419C3A  Unknown               Unknown  Unknown
forrtl: error (78): process killed (SIGTERM)
Image              PC                Routine            Line        Source             
vasp_gam           00000000078FE504  for__signal_handl     Unknown  Unknown
libpthread-2.31.s  00007F0810FA4910  Unknown               Unknown  Unknown
libc-2.31.so       00007F080E43F0CA  clock_nanosleep       Unknown  Unknown
libc-2.31.so       00007F080E444E43  nanosleep             Unknown  Unknown
libc-2.31.so       00007F080E444D5A  sleep                 Unknown  Unknown
vasp_gam           000000000044552B  Unknown               Unknown  Unknown
vasp_gam           000000000042B316  Unknown               Unknown  Unknown
vasp_gam           00000000009BEBFB  Unknown               Unknown  Unknown
vasp_gam           0000000001D78C55  Unknown               Unknown  Unknown
vasp_gam           0000000000419D22  Unknown               Unknown  Unknown
libc-2.31.so       00007F080E39824D  __libc_start_main     Unknown  Unknown
vasp_gam           0000000000419C3A  Unknown               Unknown  Unknown
forrtl: error (78): process killed (SIGTERM)
Image              PC                Routine            Line        Source             
vasp_gam           00000000078FE504  for__signal_handl     Unknown  Unknown
libpthread-2.31.s  00007F75E4B29910  Unknown               Unknown  Unknown
libc-2.31.so       00007F75E1FC40CA  clock_nanosleep       Unknown  Unknown
libc-2.31.so       00007F75E1FC9E43  nanosleep             Unknown  Unknown
libc-2.31.so       00007F75E1FC9D5A  sleep                 Unknown  Unknown
vasp_gam           000000000044552B  Unknown               Unknown  Unknown
vasp_gam           000000000042B316  Unknown               Unknown  Unknown
vasp_gam           00000000009BEBFB  Unknown               Unknown  Unknown
vasp_gam           0000000001D78C55  Unknown               Unknown  Unknown
vasp_gam           0000000000419D22  Unknown               Unknown  Unknown
libc-2.31.so       00007F75E1F1D24D  __libc_start_main     Unknown  Unknown
vasp_gam           0000000000419C3A  Unknown               Unknown  Unknown
forrtl: error (78): process killed (SIGTERM)
Image              PC                Routine            Line        Source             
vasp_gam           00000000078FE504  for__signal_handl     Unknown  Unknown
libpthread-2.31.s  00007FF29AFB2910  Unknown               Unknown  Unknown
libc-2.31.so       00007FF29844D0CA  clock_nanosleep       Unknown  Unknown
libc-2.31.so       00007FF298452E43  nanosleep             Unknown  Unknown
libc-2.31.so       00007FF298452D5A  sleep                 Unknown  Unknown
vasp_gam           000000000044552B  Unknown               Unknown  Unknown
vasp_gam           000000000042B316  Unknown               Unknown  Unknown
vasp_gam           00000000009BEBFB  Unknown               Unknown  Unknown
vasp_gam           0000000001D78C55  Unknown               Unknown  Unknown
vasp_gam           0000000000419D22  Unknown               Unknown  Unknown
libc-2.31.so       00007FF2983A624D  __libc_start_main     Unknown  Unknown
vasp_gam           0000000000419C3A  Unknown               Unknown  Unknown
forrtl: error (78): process killed (SIGTERM)
Image              PC                Routine            Line        Source             
vasp_gam           00000000078FE504  for__signal_handl     Unknown  Unknown
libpthread-2.31.s  00007FD30742C910  Unknown               Unknown  Unknown
libc-2.31.so       00007FD3048C70CA  clock_nanosleep       Unknown  Unknown
libc-2.31.so       00007FD3048CCE43  nanosleep             Unknown  Unknown
libc-2.31.so       00007FD3048CCD5A  sleep                 Unknown  Unknown
vasp_gam           000000000044552B  Unknown               Unknown  Unknown
vasp_gam           000000000042B316  Unknown               Unknown  Unknown
vasp_gam           00000000009BEBFB  Unknown               Unknown  Unknown
vasp_gam           0000000001D78C55  Unknown               Unknown  Unknown
vasp_gam           0000000000419D22  Unknown               Unknown  Unknown
libc-2.31.so       00007FD30482024D  __libc_start_main     Unknown  Unknown
vasp_gam           0000000000419C3A  Unknown               Unknown  Unknown
forrtl: error (78): process killed (SIGTERM)
Image              PC                Routine            Line        Source             
vasp_gam           00000000078FE504  for__signal_handl     Unknown  Unknown
libpthread-2.31.s  00007F2E23A5E910  Unknown               Unknown  Unknown
libc-2.31.so       00007F2E20EF90CA  clock_nanosleep       Unknown  Unknown
libc-2.31.so       00007F2E20EFEE43  nanosleep             Unknown  Unknown
libc-2.31.so       00007F2E20EFED5A  sleep                 Unknown  Unknown
vasp_gam           000000000044552B  Unknown               Unknown  Unknown
vasp_gam           000000000042B316  Unknown               Unknown  Unknown
vasp_gam           00000000009BEBFB  Unknown               Unknown  Unknown
vasp_gam           0000000001D78C55  Unknown               Unknown  Unknown
vasp_gam           0000000000419D22  Unknown               Unknown  Unknown
libc-2.31.so       00007F2E20E5224D  __libc_start_main     Unknown  Unknown
vasp_gam           0000000000419C3A  Unknown               Unknown  Unknown
forrtl: error (78): process killed (SIGTERM)
Image              PC                Routine            Line        Source             
vasp_gam           00000000078FE504  for__signal_handl     Unknown  Unknown
libpthread-2.31.s  00007F5042644910  Unknown               Unknown  Unknown
libc-2.31.so       00007F503FADF0CA  clock_nanosleep       Unknown  Unknown
libc-2.31.so       00007F503FAE4E43  nanosleep             Unknown  Unknown
libc-2.31.so       00007F503FAE4D5A  sleep                 Unknown  Unknown
vasp_gam           000000000044552B  Unknown               Unknown  Unknown
vasp_gam           000000000042B316  Unknown               Unknown  Unknown
vasp_gam           00000000009BEBFB  Unknown               Unknown  Unknown
vasp_gam           0000000001D78C55  Unknown               Unknown  Unknown
vasp_gam           0000000000419D22  Unknown               Unknown  Unknown
libc-2.31.so       00007F503FA3824D  __libc_start_main     Unknown  Unknown
vasp_gam           0000000000419C3A  Unknown               Unknown  Unknown
forrtl: error (78): process killed (SIGTERM)
Image              PC                Routine            Line        Source             
vasp_gam           00000000078FE504  for__signal_handl     Unknown  Unknown
libpthread-2.31.s  00007F655C0B4910  Unknown               Unknown  Unknown
libc-2.31.so       00007F655954F0CA  clock_nanosleep       Unknown  Unknown
libc-2.31.so       00007F6559554E43  nanosleep             Unknown  Unknown
libc-2.31.so       00007F6559554D5A  sleep                 Unknown  Unknown
vasp_gam           000000000044552B  Unknown               Unknown  Unknown
vasp_gam           000000000042B316  Unknown               Unknown  Unknown
vasp_gam           00000000009BEBFB  Unknown               Unknown  Unknown
vasp_gam           0000000001D78C55  Unknown               Unknown  Unknown
vasp_gam           0000000000419D22  Unknown               Unknown  Unknown
libc-2.31.so       00007F65594A824D  __libc_start_main     Unknown  Unknown
vasp_gam           0000000000419C3A  Unknown               Unknown  Unknown
forrtl: error (78): process killed (SIGTERM)
Image              PC                Routine            Line        Source             
vasp_gam           00000000078FE504  for__signal_handl     Unknown  Unknown
libpthread-2.31.s  00007FE12044A910  Unknown               Unknown  Unknown
libc-2.31.so       00007FE11D8E50CA  clock_nanosleep       Unknown  Unknown
libc-2.31.so       00007FE11D8EAE43  nanosleep             Unknown  Unknown
libc-2.31.so       00007FE11D8EAD5A  sleep                 Unknown  Unknown
vasp_gam           000000000044552B  Unknown               Unknown  Unknown
vasp_gam           000000000042B316  Unknown               Unknown  Unknown
vasp_gam           00000000009BEBFB  Unknown               Unknown  Unknown
vasp_gam           0000000001D78C55  Unknown               Unknown  Unknown
vasp_gam           0000000000419D22  Unknown               Unknown  Unknown
libc-2.31.so       00007FE11D83E24D  __libc_start_main     Unknown  Unknown
vasp_gam           0000000000419C3A  Unknown               Unknown  Unknown
forrtl: error (78): process killed (SIGTERM)
Image              PC                Routine            Line        Source             
vasp_gam           00000000078FE504  for__signal_handl     Unknown  Unknown
libpthread-2.31.s  00007FA1CC1F3910  Unknown               Unknown  Unknown
libc-2.31.so       00007FA1C968E0CA  clock_nanosleep       Unknown  Unknown
libc-2.31.so       00007FA1C9693E43  nanosleep             Unknown  Unknown
libc-2.31.so       00007FA1C9693D5A  sleep                 Unknown  Unknown
vasp_gam           000000000044552B  Unknown               Unknown  Unknown
vasp_gam           000000000042B316  Unknown               Unknown  Unknown
vasp_gam           00000000009BEBFB  Unknown               Unknown  Unknown
vasp_gam           0000000001D78C55  Unknown               Unknown  Unknown
vasp_gam           0000000000419D22  Unknown               Unknown  Unknown
libc-2.31.so       00007FA1C95E724D  __libc_start_main     Unknown  Unknown
vasp_gam           0000000000419C3A  Unknown               Unknown  Unknown
forrtl: error (78): process killed (SIGTERM)
Image              PC                Routine            Line        Source             
vasp_gam           00000000078FE504  for__signal_handl     Unknown  Unknown
libpthread-2.31.s  00007FC650F61910  Unknown               Unknown  Unknown
libc-2.31.so       00007FC64E3FC0CA  clock_nanosleep       Unknown  Unknown
libc-2.31.so       00007FC64E401E43  nanosleep             Unknown  Unknown
libc-2.31.so       00007FC64E401D5A  sleep                 Unknown  Unknown
vasp_gam           000000000044552B  Unknown               Unknown  Unknown
vasp_gam           000000000042B316  Unknown               Unknown  Unknown
vasp_gam           00000000009BEBFB  Unknown               Unknown  Unknown
vasp_gam           0000000001D78C55  Unknown               Unknown  Unknown
vasp_gam           0000000000419D22  Unknown               Unknown  Unknown
libc-2.31.so       00007FC64E35524D  __libc_start_main     Unknown  Unknown
vasp_gam           0000000000419C3A  Unknown               Unknown  Unknown
forrtl: error (78): process killed (SIGTERM)
Image              PC                Routine            Line        Source             
vasp_gam           00000000078FE504  for__signal_handl     Unknown  Unknown
libpthread-2.31.s  00007FBC2E565910  Unknown               Unknown  Unknown
libc-2.31.so       00007FBC2BA000CA  clock_nanosleep       Unknown  Unknown
libc-2.31.so       00007FBC2BA05E43  nanosleep             Unknown  Unknown
libc-2.31.so       00007FBC2BA05D5A  sleep                 Unknown  Unknown
vasp_gam           000000000044552B  Unknown               Unknown  Unknown
vasp_gam           000000000042B316  Unknown               Unknown  Unknown
vasp_gam           00000000009BEBFB  Unknown               Unknown  Unknown
vasp_gam           0000000001D78C55  Unknown               Unknown  Unknown
vasp_gam           0000000000419D22  Unknown               Unknown  Unknown
libc-2.31.so       00007FBC2B95924D  __libc_start_main     Unknown  Unknown
vasp_gam           0000000000419C3A  Unknown               Unknown  Unknown
forrtl: error (78): process killed (SIGTERM)
Image              PC                Routine            Line        Source             
vasp_gam           00000000078FE504  for__signal_handl     Unknown  Unknown
libpthread-2.31.s  00007F6A86F6A910  Unknown               Unknown  Unknown
libc-2.31.so       00007F6A844050CA  clock_nanosleep       Unknown  Unknown
libc-2.31.so       00007F6A8440AE43  nanosleep             Unknown  Unknown
libc-2.31.so       00007F6A8440AD5A  sleep                 Unknown  Unknown
vasp_gam           000000000044552B  Unknown               Unknown  Unknown
vasp_gam           000000000042B316  Unknown               Unknown  Unknown
vasp_gam           00000000009BEBFB  Unknown               Unknown  Unknown
vasp_gam           0000000001D78C55  Unknown               Unknown  Unknown
vasp_gam           0000000000419D22  Unknown               Unknown  Unknown
libc-2.31.so       00007F6A8435E24D  __libc_start_main     Unknown  Unknown
vasp_gam           0000000000419C3A  Unknown               Unknown  Unknown
forrtl: error (78): process killed (SIGTERM)
Image              PC                Routine            Line        Source             
vasp_gam           00000000078FE504  for__signal_handl     Unknown  Unknown
libpthread-2.31.s  00007FB01A5B0910  Unknown               Unknown  Unknown
libc-2.31.so       00007FB017A4B0CA  clock_nanosleep       Unknown  Unknown
libc-2.31.so       00007FB017A50E43  nanosleep             Unknown  Unknown
libc-2.31.so       00007FB017A50D5A  sleep                 Unknown  Unknown
vasp_gam           000000000044552B  Unknown               Unknown  Unknown
vasp_gam           000000000042B316  Unknown               Unknown  Unknown
vasp_gam           00000000009BEBFB  Unknown               Unknown  Unknown
vasp_gam           0000000001D78C55  Unknown               Unknown  Unknown
vasp_gam           0000000000419D22  Unknown               Unknown  Unknown
libc-2.31.so       00007FB0179A424D  __libc_start_main     Unknown  Unknown
vasp_gam           0000000000419C3A  Unknown               Unknown  Unknown
forrtl: error (78): process killed (SIGTERM)
Image              PC                Routine            Line        Source             
vasp_gam           00000000078FE504  for__signal_handl     Unknown  Unknown
libpthread-2.31.s  00007F400552F910  Unknown               Unknown  Unknown
libc-2.31.so       00007F40029CA0CA  clock_nanosleep       Unknown  Unknown
libc-2.31.so       00007F40029CFE43  nanosleep             Unknown  Unknown
libc-2.31.so       00007F40029CFD5A  sleep                 Unknown  Unknown
vasp_gam           000000000044552B  Unknown               Unknown  Unknown
vasp_gam           000000000042B316  Unknown               Unknown  Unknown
vasp_gam           00000000009BEBFB  Unknown               Unknown  Unknown
vasp_gam           0000000001D78C55  Unknown               Unknown  Unknown
vasp_gam           0000000000419D22  Unknown               Unknown  Unknown
libc-2.31.so       00007F400292324D  __libc_start_main     Unknown  Unknown
vasp_gam           0000000000419C3A  Unknown               Unknown  Unknown
forrtl: error (78): process killed (SIGTERM)
Image              PC                Routine            Line        Source             
vasp_gam           00000000078FE504  for__signal_handl     Unknown  Unknown
libpthread-2.31.s  00007FBA7BBB6910  Unknown               Unknown  Unknown
libc-2.31.so       00007FBA790510CA  clock_nanosleep       Unknown  Unknown
libc-2.31.so       00007FBA79056E43  nanosleep             Unknown  Unknown
libc-2.31.so       00007FBA79056D5A  sleep                 Unknown  Unknown
vasp_gam           000000000044552B  Unknown               Unknown  Unknown
vasp_gam           000000000042B316  Unknown               Unknown  Unknown
vasp_gam           00000000009BEBFB  Unknown               Unknown  Unknown
vasp_gam           0000000001D78C55  Unknown               Unknown  Unknown
vasp_gam           0000000000419D22  Unknown               Unknown  Unknown
libc-2.31.so       00007FBA78FAA24D  __libc_start_main     Unknown  Unknown
vasp_gam           0000000000419C3A  Unknown               Unknown  Unknown
forrtl: error (78): process killed (SIGTERM)
Image              PC                Routine            Line        Source             
vasp_gam           00000000078FE504  for__signal_handl     Unknown  Unknown
libpthread-2.31.s  00007FDC967E6910  Unknown               Unknown  Unknown
libc-2.31.so       00007FDC93C810CA  clock_nanosleep       Unknown  Unknown
libc-2.31.so       00007FDC93C86E43  nanosleep             Unknown  Unknown
libc-2.31.so       00007FDC93C86D5A  sleep                 Unknown  Unknown
vasp_gam           000000000044552B  Unknown               Unknown  Unknown
vasp_gam           000000000042B316  Unknown               Unknown  Unknown
vasp_gam           00000000009BEBFB  Unknown               Unknown  Unknown
vasp_gam           0000000001D78C55  Unknown               Unknown  Unknown
vasp_gam           0000000000419D22  Unknown               Unknown  Unknown
libc-2.31.so       00007FDC93BDA24D  __libc_start_main     Unknown  Unknown
vasp_gam           0000000000419C3A  Unknown               Unknown  Unknown
forrtl: error (78): process killed (SIGTERM)
Image              PC                Routine            Line        Source             
vasp_gam           00000000078FE504  for__signal_handl     Unknown  Unknown
libpthread-2.31.s  00007F8E9440D910  Unknown               Unknown  Unknown
libc-2.31.so       00007F8E918A80CA  clock_nanosleep       Unknown  Unknown
libc-2.31.so       00007F8E918ADE43  nanosleep             Unknown  Unknown
libc-2.31.so       00007F8E918ADD5A  sleep                 Unknown  Unknown
vasp_gam           000000000044552B  Unknown               Unknown  Unknown
vasp_gam           000000000042B316  Unknown               Unknown  Unknown
vasp_gam           00000000009BEBFB  Unknown               Unknown  Unknown
vasp_gam           0000000001D78C55  Unknown               Unknown  Unknown
vasp_gam           0000000000419D22  Unknown               Unknown  Unknown
libc-2.31.so       00007F8E9180124D  __libc_start_main     Unknown  Unknown
vasp_gam           0000000000419C3A  Unknown               Unknown  Unknown
forrtl: error (78): process killed (SIGTERM)
Image              PC                Routine            Line        Source             
vasp_gam           00000000078FE504  for__signal_handl     Unknown  Unknown
libpthread-2.31.s  00007F02A625D910  Unknown               Unknown  Unknown
libc-2.31.so       00007F02A36F80CA  clock_nanosleep       Unknown  Unknown
libc-2.31.so       00007F02A36FDE43  nanosleep             Unknown  Unknown
libc-2.31.so       00007F02A36FDD5A  sleep                 Unknown  Unknown
vasp_gam           000000000044552B  Unknown               Unknown  Unknown
vasp_gam           000000000042B316  Unknown               Unknown  Unknown
vasp_gam           00000000009BEBFB  Unknown               Unknown  Unknown
vasp_gam           0000000001D78C55  Unknown               Unknown  Unknown
vasp_gam           0000000000419D22  Unknown               Unknown  Unknown
libc-2.31.so       00007F02A365124D  __libc_start_main     Unknown  Unknown
vasp_gam           0000000000419C3A  Unknown               Unknown  Unknown
forrtl: error (78): process killed (SIGTERM)
Image              PC                Routine            Line        Source             
vasp_gam           00000000078FE504  for__signal_handl     Unknown  Unknown
libpthread-2.31.s  00007F892A691910  Unknown               Unknown  Unknown
libc-2.31.so       00007F8927B2C0CA  clock_nanosleep       Unknown  Unknown
libc-2.31.so       00007F8927B31E43  nanosleep             Unknown  Unknown
libc-2.31.so       00007F8927B31D5A  sleep                 Unknown  Unknown
vasp_gam           000000000044552B  Unknown               Unknown  Unknown
vasp_gam           000000000042B316  Unknown               Unknown  Unknown
vasp_gam           00000000009BEBFB  Unknown               Unknown  Unknown
vasp_gam           0000000001D78C55  Unknown               Unknown  Unknown
vasp_gam           0000000000419D22  Unknown               Unknown  Unknown
libc-2.31.so       00007F8927A8524D  __libc_start_main     Unknown  Unknown
vasp_gam           0000000000419C3A  Unknown               Unknown  Unknown
forrtl: error (78): process killed (SIGTERM)
Image              PC                Routine            Line        Source             
vasp_gam           00000000078FE504  for__signal_handl     Unknown  Unknown
libpthread-2.31.s  00007F9564EB2910  Unknown               Unknown  Unknown
libc-2.31.so       00007F956234D0CA  clock_nanosleep       Unknown  Unknown
libc-2.31.so       00007F9562352E43  nanosleep             Unknown  Unknown
libc-2.31.so       00007F9562352D5A  sleep                 Unknown  Unknown
vasp_gam           000000000044552B  Unknown               Unknown  Unknown
vasp_gam           000000000042B316  Unknown               Unknown  Unknown
vasp_gam           00000000009BEBFB  Unknown               Unknown  Unknown
vasp_gam           0000000001D78C55  Unknown               Unknown  Unknown
vasp_gam           0000000000419D22  Unknown               Unknown  Unknown
libc-2.31.so       00007F95622A624D  __libc_start_main     Unknown  Unknown
vasp_gam           0000000000419C3A  Unknown               Unknown  Unknown
forrtl: error (78): process killed (SIGTERM)
Image              PC                Routine            Line        Source             
vasp_gam           00000000078FE504  for__signal_handl     Unknown  Unknown
libpthread-2.31.s  00007F9055669910  Unknown               Unknown  Unknown
libc-2.31.so       00007F9052B040CA  clock_nanosleep       Unknown  Unknown
libc-2.31.so       00007F9052B09E43  nanosleep             Unknown  Unknown
libc-2.31.so       00007F9052B09D5A  sleep                 Unknown  Unknown
vasp_gam           000000000044552B  Unknown               Unknown  Unknown
vasp_gam           000000000042B316  Unknown               Unknown  Unknown
vasp_gam           00000000009BEBFB  Unknown               Unknown  Unknown
vasp_gam           0000000001D78C55  Unknown               Unknown  Unknown
vasp_gam           0000000000419D22  Unknown               Unknown  Unknown
libc-2.31.so       00007F9052A5D24D  __libc_start_main     Unknown  Unknown
vasp_gam           0000000000419C3A  Unknown               Unknown  Unknown
forrtl: error (78): process killed (SIGTERM)
Image              PC                Routine            Line        Source             
vasp_gam           00000000078FE504  for__signal_handl     Unknown  Unknown
libpthread-2.31.s  00007F1B664D5910  Unknown               Unknown  Unknown
libc-2.31.so       00007F1B639700CA  clock_nanosleep       Unknown  Unknown
libc-2.31.so       00007F1B63975E43  nanosleep             Unknown  Unknown
libc-2.31.so       00007F1B63975D5A  sleep                 Unknown  Unknown
vasp_gam           000000000044552B  Unknown               Unknown  Unknown
vasp_gam           000000000042B316  Unknown               Unknown  Unknown
vasp_gam           00000000009BEBFB  Unknown               Unknown  Unknown
vasp_gam           0000000001D78C55  Unknown               Unknown  Unknown
vasp_gam           0000000000419D22  Unknown               Unknown  Unknown
libc-2.31.so       00007F1B638C924D  __libc_start_main     Unknown  Unknown
vasp_gam           0000000000419C3A  Unknown               Unknown  Unknown
forrtl: error (78): process killed (SIGTERM)
Image              PC                Routine            Line        Source             
vasp_gam           00000000078FE504  for__signal_handl     Unknown  Unknown
libpthread-2.31.s  00007F5AAEB64910  Unknown               Unknown  Unknown
libc-2.31.so       00007F5AABFFF0CA  clock_nanosleep       Unknown  Unknown
libc-2.31.so       00007F5AAC004E43  nanosleep             Unknown  Unknown
libc-2.31.so       00007F5AAC004D5A  sleep                 Unknown  Unknown
vasp_gam           000000000044552B  Unknown               Unknown  Unknown
vasp_gam           000000000042B316  Unknown               Unknown  Unknown
vasp_gam           00000000009BEBFB  Unknown               Unknown  Unknown
vasp_gam           0000000001D78C55  Unknown               Unknown  Unknown
vasp_gam           0000000000419D22  Unknown               Unknown  Unknown
libc-2.31.so       00007F5AABF5824D  __libc_start_main     Unknown  Unknown
vasp_gam           0000000000419C3A  Unknown               Unknown  Unknown
forrtl: error (78): process killed (SIGTERM)
Image              PC                Routine            Line        Source             
vasp_gam           00000000078FE504  for__signal_handl     Unknown  Unknown
libpthread-2.31.s  00007FB5E1BC7910  Unknown               Unknown  Unknown
libc-2.31.so       00007FB5DF0620CA  clock_nanosleep       Unknown  Unknown
libc-2.31.so       00007FB5DF067E43  nanosleep             Unknown  Unknown
libc-2.31.so       00007FB5DF067D5A  sleep                 Unknown  Unknown
vasp_gam           000000000044552B  Unknown               Unknown  Unknown
vasp_gam           000000000042B316  Unknown               Unknown  Unknown
vasp_gam           00000000009BEBFB  Unknown               Unknown  Unknown
vasp_gam           0000000001D78C55  Unknown               Unknown  Unknown
vasp_gam           0000000000419D22  Unknown               Unknown  Unknown
libc-2.31.so       00007FB5DEFBB24D  __libc_start_main     Unknown  Unknown
vasp_gam           0000000000419C3A  Unknown               Unknown  Unknown
forrtl: error (78): process killed (SIGTERM)
Image              PC                Routine            Line        Source             
vasp_gam           00000000078FE504  for__signal_handl     Unknown  Unknown
libpthread-2.31.s  00007FAB6994D910  Unknown               Unknown  Unknown
libc-2.31.so       00007FAB66DE80CA  clock_nanosleep       Unknown  Unknown
libc-2.31.so       00007FAB66DEDE43  nanosleep             Unknown  Unknown
libc-2.31.so       00007FAB66DEDD5A  sleep                 Unknown  Unknown
vasp_gam           000000000044552B  Unknown               Unknown  Unknown
vasp_gam           000000000042B316  Unknown               Unknown  Unknown
vasp_gam           00000000009BEBFB  Unknown               Unknown  Unknown
vasp_gam           0000000001D78C55  Unknown               Unknown  Unknown
vasp_gam           0000000000419D22  Unknown               Unknown  Unknown
libc-2.31.so       00007FAB66D4124D  __libc_start_main     Unknown  Unknown
vasp_gam           0000000000419C3A  Unknown               Unknown  Unknown
forrtl: error (78): process killed (SIGTERM)
Image              PC                Routine            Line        Source             
vasp_gam           00000000078FE504  for__signal_handl     Unknown  Unknown
libpthread-2.31.s  00007F95CF918910  Unknown               Unknown  Unknown
libc-2.31.so       00007F95CCDB30CA  clock_nanosleep       Unknown  Unknown
libc-2.31.so       00007F95CCDB8E43  nanosleep             Unknown  Unknown
libc-2.31.so       00007F95CCDB8D5A  sleep                 Unknown  Unknown
vasp_gam           000000000044552B  Unknown               Unknown  Unknown
vasp_gam           000000000042B316  Unknown               Unknown  Unknown
vasp_gam           00000000009BEBFB  Unknown               Unknown  Unknown
vasp_gam           0000000001D78C55  Unknown               Unknown  Unknown
vasp_gam           0000000000419D22  Unknown               Unknown  Unknown
libc-2.31.so       00007F95CCD0C24D  __libc_start_main     Unknown  Unknown
vasp_gam           0000000000419C3A  Unknown               Unknown  Unknown
forrtl: error (78): process killed (SIGTERM)
Image              PC                Routine            Line        Source             
vasp_gam           00000000078FE504  for__signal_handl     Unknown  Unknown
libpthread-2.31.s  00007EFEB9555910  Unknown               Unknown  Unknown
libc-2.31.so       00007EFEB69F00CA  clock_nanosleep       Unknown  Unknown
libc-2.31.so       00007EFEB69F5E43  nanosleep             Unknown  Unknown
libc-2.31.so       00007EFEB69F5D5A  sleep                 Unknown  Unknown
vasp_gam           000000000044552B  Unknown               Unknown  Unknown
vasp_gam           000000000042B316  Unknown               Unknown  Unknown
vasp_gam           00000000009BEBFB  Unknown               Unknown  Unknown
vasp_gam           0000000001D78C55  Unknown               Unknown  Unknown
vasp_gam           0000000000419D22  Unknown               Unknown  Unknown
libc-2.31.so       00007EFEB694924D  __libc_start_main     Unknown  Unknown
vasp_gam           0000000000419C3A  Unknown               Unknown  Unknown
forrtl: error (78): process killed (SIGTERM)
Image              PC                Routine            Line        Source             
vasp_gam           00000000078FE504  for__signal_handl     Unknown  Unknown
libpthread-2.31.s  00007FB66CF2C910  Unknown               Unknown  Unknown
libc-2.31.so       00007FB66A3C70CA  clock_nanosleep       Unknown  Unknown
libc-2.31.so       00007FB66A3CCE43  nanosleep             Unknown  Unknown
libc-2.31.so       00007FB66A3CCD5A  sleep                 Unknown  Unknown
vasp_gam           000000000044552B  Unknown               Unknown  Unknown
vasp_gam           000000000042B316  Unknown               Unknown  Unknown
vasp_gam           00000000009BEBFB  Unknown               Unknown  Unknown
vasp_gam           0000000001D78C55  Unknown               Unknown  Unknown
vasp_gam           0000000000419D22  Unknown               Unknown  Unknown
libc-2.31.so       00007FB66A32024D  __libc_start_main     Unknown  Unknown
vasp_gam           0000000000419C3A  Unknown               Unknown  Unknown
forrtl: error (78): process killed (SIGTERM)
Image              PC                Routine            Line        Source             
vasp_gam           00000000078FE504  for__signal_handl     Unknown  Unknown
libpthread-2.31.s  00007FF211975910  Unknown               Unknown  Unknown
libc-2.31.so       00007FF20EE100CA  clock_nanosleep       Unknown  Unknown
libc-2.31.so       00007FF20EE15E43  nanosleep             Unknown  Unknown
libc-2.31.so       00007FF20EE15D5A  sleep                 Unknown  Unknown
vasp_gam           000000000044552B  Unknown               Unknown  Unknown
vasp_gam           000000000042B316  Unknown               Unknown  Unknown
vasp_gam           00000000009BEBFB  Unknown               Unknown  Unknown
vasp_gam           0000000001D78C55  Unknown               Unknown  Unknown
vasp_gam           0000000000419D22  Unknown               Unknown  Unknown
libc-2.31.so       00007FF20ED6924D  __libc_start_main     Unknown  Unknown
vasp_gam           0000000000419C3A  Unknown               Unknown  Unknown
forrtl: error (78): process killed (SIGTERM)
Image              PC                Routine            Line        Source             
vasp_gam           00000000078FE504  for__signal_handl     Unknown  Unknown
libpthread-2.31.s  00007FA7A0FD6910  Unknown               Unknown  Unknown
libc-2.31.so       00007FA79E4710CA  clock_nanosleep       Unknown  Unknown
libc-2.31.so       00007FA79E476E43  nanosleep             Unknown  Unknown
libc-2.31.so       00007FA79E476D5A  sleep                 Unknown  Unknown
vasp_gam           000000000044552B  Unknown               Unknown  Unknown
vasp_gam           000000000042B316  Unknown               Unknown  Unknown
vasp_gam           00000000009BEBFB  Unknown               Unknown  Unknown
vasp_gam           0000000001D78C55  Unknown               Unknown  Unknown
vasp_gam           0000000000419D22  Unknown               Unknown  Unknown
libc-2.31.so       00007FA79E3CA24D  __libc_start_main     Unknown  Unknown
vasp_gam           0000000000419C3A  Unknown               Unknown  Unknown
forrtl: error (78): process killed (SIGTERM)
Image              PC                Routine            Line        Source             
vasp_gam           00000000078FE504  for__signal_handl     Unknown  Unknown
libpthread-2.31.s  00007F65D3D49910  Unknown               Unknown  Unknown
libc-2.31.so       00007F65D11E40CA  clock_nanosleep       Unknown  Unknown
libc-2.31.so       00007F65D11E9E43  nanosleep             Unknown  Unknown
libc-2.31.so       00007F65D11E9D5A  sleep                 Unknown  Unknown
vasp_gam           000000000044552B  Unknown               Unknown  Unknown
vasp_gam           000000000042B316  Unknown               Unknown  Unknown
vasp_gam           00000000009BEBFB  Unknown               Unknown  Unknown
vasp_gam           0000000001D78C55  Unknown               Unknown  Unknown
vasp_gam           0000000000419D22  Unknown               Unknown  Unknown
libc-2.31.so       00007F65D113D24D  __libc_start_main     Unknown  Unknown
vasp_gam           0000000000419C3A  Unknown               Unknown  Unknown
forrtl: error (78): process killed (SIGTERM)
Image              PC                Routine            Line        Source             
vasp_gam           00000000078FE504  for__signal_handl     Unknown  Unknown
libpthread-2.31.s  00007F2629DD7910  Unknown               Unknown  Unknown
libc-2.31.so       00007F26272720CA  clock_nanosleep       Unknown  Unknown
libc-2.31.so       00007F2627277E43  nanosleep             Unknown  Unknown
libc-2.31.so       00007F2627277D5A  sleep                 Unknown  Unknown
vasp_gam           000000000044552B  Unknown               Unknown  Unknown
vasp_gam           000000000042B316  Unknown               Unknown  Unknown
vasp_gam           00000000009BEBFB  Unknown               Unknown  Unknown
vasp_gam           0000000001D78C55  Unknown               Unknown  Unknown
vasp_gam           0000000000419D22  Unknown               Unknown  Unknown
libc-2.31.so       00007F26271CB24D  __libc_start_main     Unknown  Unknown
vasp_gam           0000000000419C3A  Unknown               Unknown  Unknown
forrtl: error (78): process killed (SIGTERM)
Image              PC                Routine            Line        Source             
vasp_gam           00000000078FE504  for__signal_handl     Unknown  Unknown
libpthread-2.31.s  00007F1817ED9910  Unknown               Unknown  Unknown
libc-2.31.so       00007F18153740CA  clock_nanosleep       Unknown  Unknown
libc-2.31.so       00007F1815379E43  nanosleep             Unknown  Unknown
libc-2.31.so       00007F1815379D5A  sleep                 Unknown  Unknown
vasp_gam           000000000044552B  Unknown               Unknown  Unknown
vasp_gam           000000000042B316  Unknown               Unknown  Unknown
vasp_gam           00000000009BEBFB  Unknown               Unknown  Unknown
vasp_gam           0000000001D78C55  Unknown               Unknown  Unknown
vasp_gam           0000000000419D22  Unknown               Unknown  Unknown
libc-2.31.so       00007F18152CD24D  __libc_start_main     Unknown  Unknown
vasp_gam           0000000000419C3A  Unknown               Unknown  Unknown
forrtl: error (78): process killed (SIGTERM)
Image              PC                Routine            Line        Source             
vasp_gam           00000000078FE504  for__signal_handl     Unknown  Unknown
libpthread-2.31.s  00007FD7F4EFB910  Unknown               Unknown  Unknown
libc-2.31.so       00007FD7F23960CA  clock_nanosleep       Unknown  Unknown
libc-2.31.so       00007FD7F239BE43  nanosleep             Unknown  Unknown
libc-2.31.so       00007FD7F239BD5A  sleep                 Unknown  Unknown
vasp_gam           000000000044552B  Unknown               Unknown  Unknown
vasp_gam           000000000042B316  Unknown               Unknown  Unknown
vasp_gam           00000000009BEBFB  Unknown               Unknown  Unknown
vasp_gam           0000000001D78C55  Unknown               Unknown  Unknown
vasp_gam           0000000000419D22  Unknown               Unknown  Unknown
libc-2.31.so       00007FD7F22EF24D  __libc_start_main     Unknown  Unknown
vasp_gam           0000000000419C3A  Unknown               Unknown  Unknown
forrtl: error (78): process killed (SIGTERM)
Image              PC                Routine            Line        Source             
vasp_gam           00000000078FE504  for__signal_handl     Unknown  Unknown
libpthread-2.31.s  00007F9F8755B910  Unknown               Unknown  Unknown
libc-2.31.so       00007F9F849F60CA  clock_nanosleep       Unknown  Unknown
libc-2.31.so       00007F9F849FBE43  nanosleep             Unknown  Unknown
libc-2.31.so       00007F9F849FBD5A  sleep                 Unknown  Unknown
vasp_gam           000000000044552B  Unknown               Unknown  Unknown
vasp_gam           000000000042B316  Unknown               Unknown  Unknown
vasp_gam           00000000009BEBFB  Unknown               Unknown  Unknown
vasp_gam           0000000001D78C55  Unknown               Unknown  Unknown
vasp_gam           0000000000419D22  Unknown               Unknown  Unknown
libc-2.31.so       00007F9F8494F24D  __libc_start_main     Unknown  Unknown
vasp_gam           0000000000419C3A  Unknown               Unknown  Unknown
forrtl: error (78): process killed (SIGTERM)
Image              PC                Routine            Line        Source             
vasp_gam           00000000078FE504  for__signal_handl     Unknown  Unknown
libpthread-2.31.s  00007F6D51C77910  Unknown               Unknown  Unknown
libc-2.31.so       00007F6D4F1120CA  clock_nanosleep       Unknown  Unknown
libc-2.31.so       00007F6D4F117E43  nanosleep             Unknown  Unknown
libc-2.31.so       00007F6D4F117D5A  sleep                 Unknown  Unknown
vasp_gam           000000000044552B  Unknown               Unknown  Unknown
vasp_gam           000000000042B316  Unknown               Unknown  Unknown
vasp_gam           00000000009BEBFB  Unknown               Unknown  Unknown
vasp_gam           0000000001D78C55  Unknown               Unknown  Unknown
vasp_gam           0000000000419D22  Unknown               Unknown  Unknown
libc-2.31.so       00007F6D4F06B24D  __libc_start_main     Unknown  Unknown
vasp_gam           0000000000419C3A  Unknown               Unknown  Unknown
forrtl: error (78): process killed (SIGTERM)
Image              PC                Routine            Line        Source             
vasp_gam           00000000078FE504  for__signal_handl     Unknown  Unknown
libpthread-2.31.s  00007FD7C311E910  Unknown               Unknown  Unknown
libc-2.31.so       00007FD7C05B90CA  clock_nanosleep       Unknown  Unknown
libc-2.31.so       00007FD7C05BEE43  nanosleep             Unknown  Unknown
libc-2.31.so       00007FD7C05BED5A  sleep                 Unknown  Unknown
vasp_gam           000000000044552B  Unknown               Unknown  Unknown
vasp_gam           000000000042B316  Unknown               Unknown  Unknown
vasp_gam           00000000009BEBFB  Unknown               Unknown  Unknown
vasp_gam           0000000001D78C55  Unknown               Unknown  Unknown
vasp_gam           0000000000419D22  Unknown               Unknown  Unknown
libc-2.31.so       00007FD7C051224D  __libc_start_main     Unknown  Unknown
vasp_gam           0000000000419C3A  Unknown               Unknown  Unknown
forrtl: error (78): process killed (SIGTERM)
Image              PC                Routine            Line        Source             
vasp_gam           00000000078FE504  for__signal_handl     Unknown  Unknown
libpthread-2.31.s  00007F35DB983910  Unknown               Unknown  Unknown
libc-2.31.so       00007F35D8E1E0CA  clock_nanosleep       Unknown  Unknown
libc-2.31.so       00007F35D8E23E43  nanosleep             Unknown  Unknown
libc-2.31.so       00007F35D8E23D5A  sleep                 Unknown  Unknown
vasp_gam           000000000044552B  Unknown               Unknown  Unknown
vasp_gam           000000000042B316  Unknown               Unknown  Unknown
vasp_gam           00000000009BEBFB  Unknown               Unknown  Unknown
vasp_gam           0000000001D78C55  Unknown               Unknown  Unknown
vasp_gam           0000000000419D22  Unknown               Unknown  Unknown
libc-2.31.so       00007F35D8D7724D  __libc_start_main     Unknown  Unknown
vasp_gam           0000000000419C3A  Unknown               Unknown  Unknown
forrtl: error (78): process killed (SIGTERM)
Image              PC                Routine            Line        Source             
vasp_gam           00000000078FE504  for__signal_handl     Unknown  Unknown
libpthread-2.31.s  00007F73CB0F3910  Unknown               Unknown  Unknown
libc-2.31.so       00007F73C858E0CA  clock_nanosleep       Unknown  Unknown
libc-2.31.so       00007F73C8593E43  nanosleep             Unknown  Unknown
libc-2.31.so       00007F73C8593D5A  sleep                 Unknown  Unknown
vasp_gam           000000000044552B  Unknown               Unknown  Unknown
vasp_gam           000000000042B316  Unknown               Unknown  Unknown
vasp_gam           00000000009BEBFB  Unknown               Unknown  Unknown
vasp_gam           0000000001D78C55  Unknown               Unknown  Unknown
vasp_gam           0000000000419D22  Unknown               Unknown  Unknown
libc-2.31.so       00007F73C84E724D  __libc_start_main     Unknown  Unknown
vasp_gam           0000000000419C3A  Unknown               Unknown  Unknown
forrtl: error (78): process killed (SIGTERM)
Image              PC                Routine            Line        Source             
vasp_gam           00000000078FE504  for__signal_handl     Unknown  Unknown
libpthread-2.31.s  00007FDB0C24E910  Unknown               Unknown  Unknown
libc-2.31.so       00007FDB096E90CA  clock_nanosleep       Unknown  Unknown
libc-2.31.so       00007FDB096EEE43  nanosleep             Unknown  Unknown
libc-2.31.so       00007FDB096EED5A  sleep                 Unknown  Unknown
vasp_gam           000000000044552B  Unknown               Unknown  Unknown
vasp_gam           000000000042B316  Unknown               Unknown  Unknown
vasp_gam           00000000009BEBFB  Unknown               Unknown  Unknown
vasp_gam           0000000001D78C55  Unknown               Unknown  Unknown
vasp_gam           0000000000419D22  Unknown               Unknown  Unknown
libc-2.31.so       00007FDB0964224D  __libc_start_main     Unknown  Unknown
vasp_gam           0000000000419C3A  Unknown               Unknown  Unknown
forrtl: error (78): process killed (SIGTERM)
Image              PC                Routine            Line        Source             
vasp_gam           00000000078FE504  for__signal_handl     Unknown  Unknown
libpthread-2.31.s  00007F3566A5B910  Unknown               Unknown  Unknown
libc-2.31.so       00007F3563EF60CA  clock_nanosleep       Unknown  Unknown
libc-2.31.so       00007F3563EFBE43  nanosleep             Unknown  Unknown
libc-2.31.so       00007F3563EFBD5A  sleep                 Unknown  Unknown
vasp_gam           000000000044552B  Unknown               Unknown  Unknown
vasp_gam           000000000042B316  Unknown               Unknown  Unknown
vasp_gam           00000000009BEBFB  Unknown               Unknown  Unknown
vasp_gam           0000000001D78C55  Unknown               Unknown  Unknown
vasp_gam           0000000000419D22  Unknown               Unknown  Unknown
libc-2.31.so       00007F3563E4F24D  __libc_start_main     Unknown  Unknown
vasp_gam           0000000000419C3A  Unknown               Unknown  Unknown
forrtl: error (78): process killed (SIGTERM)
Image              PC                Routine            Line        Source             
vasp_gam           00000000078FE504  for__signal_handl     Unknown  Unknown
libpthread-2.31.s  00007FAA6AFEA910  Unknown               Unknown  Unknown
libc-2.31.so       00007FAA684850CA  clock_nanosleep       Unknown  Unknown
libc-2.31.so       00007FAA6848AE43  nanosleep             Unknown  Unknown
libc-2.31.so       00007FAA6848AD5A  sleep                 Unknown  Unknown
vasp_gam           000000000044552B  Unknown               Unknown  Unknown
vasp_gam           000000000042B316  Unknown               Unknown  Unknown
vasp_gam           00000000009BEBFB  Unknown               Unknown  Unknown
vasp_gam           0000000001D78C55  Unknown               Unknown  Unknown
vasp_gam           0000000000419D22  Unknown               Unknown  Unknown
libc-2.31.so       00007FAA683DE24D  __libc_start_main     Unknown  Unknown
vasp_gam           0000000000419C3A  Unknown               Unknown  Unknown
forrtl: error (78): process killed (SIGTERM)
Image              PC                Routine            Line        Source             
vasp_gam           00000000078FE504  for__signal_handl     Unknown  Unknown
libpthread-2.31.s  00007F04AD8A6910  Unknown               Unknown  Unknown
libc-2.31.so       00007F04AAD410CA  clock_nanosleep       Unknown  Unknown
libc-2.31.so       00007F04AAD46E43  nanosleep             Unknown  Unknown
libc-2.31.so       00007F04AAD46D5A  sleep                 Unknown  Unknown
vasp_gam           000000000044552B  Unknown               Unknown  Unknown
vasp_gam           000000000042B316  Unknown               Unknown  Unknown
vasp_gam           00000000009BEBFB  Unknown               Unknown  Unknown
vasp_gam           0000000001D78C55  Unknown               Unknown  Unknown
vasp_gam           0000000000419D22  Unknown               Unknown  Unknown
libc-2.31.so       00007F04AAC9A24D  __libc_start_main     Unknown  Unknown
vasp_gam           0000000000419C3A  Unknown               Unknown  Unknown
forrtl: error (78): process killed (SIGTERM)
Image              PC                Routine            Line        Source             
vasp_gam           00000000078FE504  for__signal_handl     Unknown  Unknown
libpthread-2.31.s  00007F865C572910  Unknown               Unknown  Unknown
libc-2.31.so       00007F8659A0D0CA  clock_nanosleep       Unknown  Unknown
libc-2.31.so       00007F8659A12E43  nanosleep             Unknown  Unknown
libc-2.31.so       00007F8659A12D5A  sleep                 Unknown  Unknown
vasp_gam           000000000044552B  Unknown               Unknown  Unknown
vasp_gam           000000000042B316  Unknown               Unknown  Unknown
vasp_gam           00000000009BEBFB  Unknown               Unknown  Unknown
vasp_gam           0000000001D78C55  Unknown               Unknown  Unknown
vasp_gam           0000000000419D22  Unknown               Unknown  Unknown
libc-2.31.so       00007F865996624D  __libc_start_main     Unknown  Unknown
vasp_gam           0000000000419C3A  Unknown               Unknown  Unknown
forrtl: error (78): process killed (SIGTERM)
Image              PC                Routine            Line        Source             
vasp_gam           00000000078FE504  for__signal_handl     Unknown  Unknown
libpthread-2.31.s  00007FB7AB163910  Unknown               Unknown  Unknown
libc-2.31.so       00007FB7A85FE0CA  clock_nanosleep       Unknown  Unknown
libc-2.31.so       00007FB7A8603E43  nanosleep             Unknown  Unknown
libc-2.31.so       00007FB7A8603D5A  sleep                 Unknown  Unknown
vasp_gam           000000000044552B  Unknown               Unknown  Unknown
vasp_gam           000000000042B316  Unknown               Unknown  Unknown
vasp_gam           00000000009BEBFB  Unknown               Unknown  Unknown
vasp_gam           0000000001D78C55  Unknown               Unknown  Unknown
vasp_gam           0000000000419D22  Unknown               Unknown  Unknown
libc-2.31.so       00007FB7A855724D  __libc_start_main     Unknown  Unknown
vasp_gam           0000000000419C3A  Unknown               Unknown  Unknown
forrtl: error (78): process killed (SIGTERM)
Image              PC                Routine            Line        Source             
vasp_gam           00000000078FE504  for__signal_handl     Unknown  Unknown
libpthread-2.31.s  00007FA73E9B1910  Unknown               Unknown  Unknown
libc-2.31.so       00007FA73BE4C0CA  clock_nanosleep       Unknown  Unknown
libc-2.31.so       00007FA73BE51E43  nanosleep             Unknown  Unknown
libc-2.31.so       00007FA73BE51D5A  sleep                 Unknown  Unknown
vasp_gam           000000000044552B  Unknown               Unknown  Unknown
vasp_gam           000000000042B316  Unknown               Unknown  Unknown
vasp_gam           00000000009BEBFB  Unknown               Unknown  Unknown
vasp_gam           0000000001D78C55  Unknown               Unknown  Unknown
vasp_gam           0000000000419D22  Unknown               Unknown  Unknown
libc-2.31.so       00007FA73BDA524D  __libc_start_main     Unknown  Unknown
vasp_gam           0000000000419C3A  Unknown               Unknown  Unknown
forrtl: error (78): process killed (SIGTERM)
Image              PC                Routine            Line        Source             
vasp_gam           00000000078FE504  for__signal_handl     Unknown  Unknown
libpthread-2.31.s  00007F0C0EA0C910  Unknown               Unknown  Unknown
libc-2.31.so       00007F0C0BEA70CA  clock_nanosleep       Unknown  Unknown
libc-2.31.so       00007F0C0BEACE43  nanosleep             Unknown  Unknown
libc-2.31.so       00007F0C0BEACD5A  sleep                 Unknown  Unknown
vasp_gam           000000000044552B  Unknown               Unknown  Unknown
vasp_gam           000000000042B316  Unknown               Unknown  Unknown
vasp_gam           00000000009BEBFB  Unknown               Unknown  Unknown
vasp_gam           0000000001D78C55  Unknown               Unknown  Unknown
vasp_gam           0000000000419D22  Unknown               Unknown  Unknown
libc-2.31.so       00007F0C0BE0024D  __libc_start_main     Unknown  Unknown
vasp_gam           0000000000419C3A  Unknown               Unknown  Unknown
forrtl: error (78): process killed (SIGTERM)
Image              PC                Routine            Line        Source             
vasp_gam           00000000078FE504  for__signal_handl     Unknown  Unknown
libpthread-2.31.s  00007F0147488910  Unknown               Unknown  Unknown
libc-2.31.so       00007F01449230CA  clock_nanosleep       Unknown  Unknown
libc-2.31.so       00007F0144928E43  nanosleep             Unknown  Unknown
libc-2.31.so       00007F0144928D5A  sleep                 Unknown  Unknown
vasp_gam           000000000044552B  Unknown               Unknown  Unknown
vasp_gam           000000000042B316  Unknown               Unknown  Unknown
vasp_gam           00000000009BEBFB  Unknown               Unknown  Unknown
vasp_gam           0000000001D78C55  Unknown               Unknown  Unknown
vasp_gam           0000000000419D22  Unknown               Unknown  Unknown
libc-2.31.so       00007F014487C24D  __libc_start_main     Unknown  Unknown
vasp_gam           0000000000419C3A  Unknown               Unknown  Unknown
forrtl: error (78): process killed (SIGTERM)
Image              PC                Routine            Line        Source             
vasp_gam           00000000078FE504  for__signal_handl     Unknown  Unknown
libpthread-2.31.s  00007F8066ED9910  Unknown               Unknown  Unknown
libc-2.31.so       00007F80643740CA  clock_nanosleep       Unknown  Unknown
libc-2.31.so       00007F8064379E43  nanosleep             Unknown  Unknown
libc-2.31.so       00007F8064379D5A  sleep                 Unknown  Unknown
vasp_gam           000000000044552B  Unknown               Unknown  Unknown
vasp_gam           000000000042B316  Unknown               Unknown  Unknown
vasp_gam           00000000009BEBFB  Unknown               Unknown  Unknown
vasp_gam           0000000001D78C55  Unknown               Unknown  Unknown
vasp_gam           0000000000419D22  Unknown               Unknown  Unknown
libc-2.31.so       00007F80642CD24D  __libc_start_main     Unknown  Unknown
vasp_gam           0000000000419C3A  Unknown               Unknown  Unknown
forrtl: error (78): process killed (SIGTERM)
Image              PC                Routine            Line        Source             
vasp_gam           00000000078FE504  for__signal_handl     Unknown  Unknown
libpthread-2.31.s  00007F31E3F96910  Unknown               Unknown  Unknown
libc-2.31.so       00007F31E14310CA  clock_nanosleep       Unknown  Unknown
libc-2.31.so       00007F31E1436E43  nanosleep             Unknown  Unknown
libc-2.31.so       00007F31E1436D5A  sleep                 Unknown  Unknown
vasp_gam           000000000044552B  Unknown               Unknown  Unknown
vasp_gam           000000000042B316  Unknown               Unknown  Unknown
vasp_gam           00000000009BEBFB  Unknown               Unknown  Unknown
vasp_gam           0000000001D78C55  Unknown               Unknown  Unknown
vasp_gam           0000000000419D22  Unknown               Unknown  Unknown
libc-2.31.so       00007F31E138A24D  __libc_start_main     Unknown  Unknown
vasp_gam           0000000000419C3A  Unknown               Unknown  Unknown
forrtl: error (78): process killed (SIGTERM)
Image              PC                Routine            Line        Source             
vasp_gam           00000000078FE504  for__signal_handl     Unknown  Unknown
libpthread-2.31.s  00007F090BF5C910  Unknown               Unknown  Unknown
libc-2.31.so       00007F09093F70CA  clock_nanosleep       Unknown  Unknown
libc-2.31.so       00007F09093FCE43  nanosleep             Unknown  Unknown
libc-2.31.so       00007F09093FCD5A  sleep                 Unknown  Unknown
vasp_gam           000000000044552B  Unknown               Unknown  Unknown
vasp_gam           000000000042B316  Unknown               Unknown  Unknown
vasp_gam           00000000009BEBFB  Unknown               Unknown  Unknown
vasp_gam           0000000001D78C55  Unknown               Unknown  Unknown
vasp_gam           0000000000419D22  Unknown               Unknown  Unknown
libc-2.31.so       00007F090935024D  __libc_start_main     Unknown  Unknown
vasp_gam           0000000000419C3A  Unknown               Unknown  Unknown
forrtl: error (78): process killed (SIGTERM)
Image              PC                Routine            Line        Source             
vasp_gam           00000000078FE504  for__signal_handl     Unknown  Unknown
libpthread-2.31.s  00007F74F6444910  Unknown               Unknown  Unknown
libc-2.31.so       00007F74F38DF0CA  clock_nanosleep       Unknown  Unknown
libc-2.31.so       00007F74F38E4E43  nanosleep             Unknown  Unknown
libc-2.31.so       00007F74F38E4D5A  sleep                 Unknown  Unknown
vasp_gam           000000000044552B  Unknown               Unknown  Unknown
vasp_gam           000000000042B316  Unknown               Unknown  Unknown
vasp_gam           00000000009BEBFB  Unknown               Unknown  Unknown
vasp_gam           0000000001D78C55  Unknown               Unknown  Unknown
vasp_gam           0000000000419D22  Unknown               Unknown  Unknown
libc-2.31.so       00007F74F383824D  __libc_start_main     Unknown  Unknown
vasp_gam           0000000000419C3A  Unknown               Unknown  Unknown
forrtl: error (78): process killed (SIGTERM)
Image              PC                Routine            Line        Source             
vasp_gam           00000000078FE504  for__signal_handl     Unknown  Unknown
libpthread-2.31.s  00007FBD967C0910  Unknown               Unknown  Unknown
libc-2.31.so       00007FBD93C5B0CA  clock_nanosleep       Unknown  Unknown
libc-2.31.so       00007FBD93C60E43  nanosleep             Unknown  Unknown
libc-2.31.so       00007FBD93C60D5A  sleep                 Unknown  Unknown
vasp_gam           000000000044552B  Unknown               Unknown  Unknown
vasp_gam           000000000042B316  Unknown               Unknown  Unknown
vasp_gam           00000000009BEBFB  Unknown               Unknown  Unknown
vasp_gam           0000000001D78C55  Unknown               Unknown  Unknown
vasp_gam           0000000000419D22  Unknown               Unknown  Unknown
libc-2.31.so       00007FBD93BB424D  __libc_start_main     Unknown  Unknown
vasp_gam           0000000000419C3A  Unknown               Unknown  Unknown
forrtl: error (78): process killed (SIGTERM)
Image              PC                Routine            Line        Source             
vasp_gam           00000000078FE504  for__signal_handl     Unknown  Unknown
libpthread-2.31.s  00007F6DFAFA6910  Unknown               Unknown  Unknown
libc-2.31.so       00007F6DF84410CA  clock_nanosleep       Unknown  Unknown
libc-2.31.so       00007F6DF8446E43  nanosleep             Unknown  Unknown
libc-2.31.so       00007F6DF8446D5A  sleep                 Unknown  Unknown
vasp_gam           000000000044552B  Unknown               Unknown  Unknown
vasp_gam           000000000042B316  Unknown               Unknown  Unknown
vasp_gam           00000000009BEBFB  Unknown               Unknown  Unknown
vasp_gam           0000000001D78C55  Unknown               Unknown  Unknown
vasp_gam           0000000000419D22  Unknown               Unknown  Unknown
libc-2.31.so       00007F6DF839A24D  __libc_start_main     Unknown  Unknown
vasp_gam           0000000000419C3A  Unknown               Unknown  Unknown
forrtl: error (78): process killed (SIGTERM)
Image              PC                Routine            Line        Source             
vasp_gam           00000000078FE504  for__signal_handl     Unknown  Unknown
libpthread-2.31.s  00007FEF215BB910  Unknown               Unknown  Unknown
libc-2.31.so       00007FEF1EA560CA  clock_nanosleep       Unknown  Unknown
libc-2.31.so       00007FEF1EA5BE43  nanosleep             Unknown  Unknown
libc-2.31.so       00007FEF1EA5BD5A  sleep                 Unknown  Unknown
vasp_gam           000000000044552B  Unknown               Unknown  Unknown
vasp_gam           000000000042B316  Unknown               Unknown  Unknown
vasp_gam           00000000009BEBFB  Unknown               Unknown  Unknown
vasp_gam           0000000001D78C55  Unknown               Unknown  Unknown
vasp_gam           0000000000419D22  Unknown               Unknown  Unknown
libc-2.31.so       00007FEF1E9AF24D  __libc_start_main     Unknown  Unknown
vasp_gam           0000000000419C3A  Unknown               Unknown  Unknown
forrtl: error (78): process killed (SIGTERM)
Image              PC                Routine            Line        Source             
vasp_gam           00000000078FE504  for__signal_handl     Unknown  Unknown
libpthread-2.31.s  00007F112AFEC910  Unknown               Unknown  Unknown
libc-2.31.so       00007F11284870CA  clock_nanosleep       Unknown  Unknown
libc-2.31.so       00007F112848CE43  nanosleep             Unknown  Unknown
libc-2.31.so       00007F112848CD5A  sleep                 Unknown  Unknown
vasp_gam           000000000044552B  Unknown               Unknown  Unknown
vasp_gam           000000000042B316  Unknown               Unknown  Unknown
vasp_gam           00000000009BEBFB  Unknown               Unknown  Unknown
vasp_gam           0000000001D78C55  Unknown               Unknown  Unknown
vasp_gam           0000000000419D22  Unknown               Unknown  Unknown
libc-2.31.so       00007F11283E024D  __libc_start_main     Unknown  Unknown
vasp_gam           0000000000419C3A  Unknown               Unknown  Unknown
forrtl: error (78): process killed (SIGTERM)
Image              PC                Routine            Line        Source             
vasp_gam           00000000078FE504  for__signal_handl     Unknown  Unknown
libpthread-2.31.s  00007FBC63D49910  Unknown               Unknown  Unknown
libc-2.31.so       00007FBC611E40CA  clock_nanosleep       Unknown  Unknown
libc-2.31.so       00007FBC611E9E43  nanosleep             Unknown  Unknown
libc-2.31.so       00007FBC611E9D5A  sleep                 Unknown  Unknown
vasp_gam           000000000044552B  Unknown               Unknown  Unknown
vasp_gam           000000000042B316  Unknown               Unknown  Unknown
vasp_gam           00000000009BEBFB  Unknown               Unknown  Unknown
vasp_gam           0000000001D78C55  Unknown               Unknown  Unknown
vasp_gam           0000000000419D22  Unknown               Unknown  Unknown
libc-2.31.so       00007FBC6113D24D  __libc_start_main     Unknown  Unknown
vasp_gam           0000000000419C3A  Unknown               Unknown  Unknown
forrtl: error (78): process killed (SIGTERM)
Image              PC                Routine            Line        Source             
vasp_gam           00000000078FE504  for__signal_handl     Unknown  Unknown
libpthread-2.31.s  00007F056F478910  Unknown               Unknown  Unknown
libc-2.31.so       00007F056C9130CA  clock_nanosleep       Unknown  Unknown
libc-2.31.so       00007F056C918E43  nanosleep             Unknown  Unknown
libc-2.31.so       00007F056C918D5A  sleep                 Unknown  Unknown
vasp_gam           000000000044552B  Unknown               Unknown  Unknown
vasp_gam           000000000042B316  Unknown               Unknown  Unknown
vasp_gam           00000000009BEBFB  Unknown               Unknown  Unknown
vasp_gam           0000000001D78C55  Unknown               Unknown  Unknown
vasp_gam           0000000000419D22  Unknown               Unknown  Unknown
libc-2.31.so       00007F056C86C24D  __libc_start_main     Unknown  Unknown
vasp_gam           0000000000419C3A  Unknown               Unknown  Unknown
forrtl: error (78): process killed (SIGTERM)
Image              PC                Routine            Line        Source             
vasp_gam           00000000078FE504  for__signal_handl     Unknown  Unknown
libpthread-2.31.s  00007FF0A0478910  Unknown               Unknown  Unknown
libc-2.31.so       00007FF09D9130CA  clock_nanosleep       Unknown  Unknown
libc-2.31.so       00007FF09D918E43  nanosleep             Unknown  Unknown
libc-2.31.so       00007FF09D918D5A  sleep                 Unknown  Unknown
vasp_gam           000000000044552B  Unknown               Unknown  Unknown
vasp_gam           000000000042B316  Unknown               Unknown  Unknown
vasp_gam           00000000009BEBFB  Unknown               Unknown  Unknown
vasp_gam           0000000001D78C55  Unknown               Unknown  Unknown
vasp_gam           0000000000419D22  Unknown               Unknown  Unknown
libc-2.31.so       00007FF09D86C24D  __libc_start_main     Unknown  Unknown
vasp_gam           0000000000419C3A  Unknown               Unknown  Unknown
forrtl: error (78): process killed (SIGTERM)
Image              PC                Routine            Line        Source             
vasp_gam           00000000078FE504  for__signal_handl     Unknown  Unknown
libpthread-2.31.s  00007F45D639E910  Unknown               Unknown  Unknown
libc-2.31.so       00007F45D38390CA  clock_nanosleep       Unknown  Unknown
libc-2.31.so       00007F45D383EE43  nanosleep             Unknown  Unknown
libc-2.31.so       00007F45D383ED5A  sleep                 Unknown  Unknown
vasp_gam           000000000044552B  Unknown               Unknown  Unknown
vasp_gam           000000000042B316  Unknown               Unknown  Unknown
vasp_gam           00000000009BEBFB  Unknown               Unknown  Unknown
vasp_gam           0000000001D78C55  Unknown               Unknown  Unknown
vasp_gam           0000000000419D22  Unknown               Unknown  Unknown
libc-2.31.so       00007F45D379224D  __libc_start_main     Unknown  Unknown
vasp_gam           0000000000419C3A  Unknown               Unknown  Unknown
forrtl: error (78): process killed (SIGTERM)
Image              PC                Routine            Line        Source             
vasp_gam           00000000078FE504  for__signal_handl     Unknown  Unknown
libpthread-2.31.s  00007F9211415910  Unknown               Unknown  Unknown
libc-2.31.so       00007F920E8B00CA  clock_nanosleep       Unknown  Unknown
libc-2.31.so       00007F920E8B5E43  nanosleep             Unknown  Unknown
libc-2.31.so       00007F920E8B5D5A  sleep                 Unknown  Unknown
vasp_gam           000000000044552B  Unknown               Unknown  Unknown
vasp_gam           000000000042B316  Unknown               Unknown  Unknown
vasp_gam           00000000009BEBFB  Unknown               Unknown  Unknown
vasp_gam           0000000001D78C55  Unknown               Unknown  Unknown
vasp_gam           0000000000419D22  Unknown               Unknown  Unknown
libc-2.31.so       00007F920E80924D  __libc_start_main     Unknown  Unknown
vasp_gam           0000000000419C3A  Unknown               Unknown  Unknown
forrtl: error (78): process killed (SIGTERM)
Image              PC                Routine            Line        Source             
vasp_gam           00000000078FE504  for__signal_handl     Unknown  Unknown
libpthread-2.31.s  00007F0CDC120910  Unknown               Unknown  Unknown
libc-2.31.so       00007F0CD95BB0CA  clock_nanosleep       Unknown  Unknown
libc-2.31.so       00007F0CD95C0E43  nanosleep             Unknown  Unknown
libc-2.31.so       00007F0CD95C0D5A  sleep                 Unknown  Unknown
vasp_gam           000000000044552B  Unknown               Unknown  Unknown
vasp_gam           000000000042B316  Unknown               Unknown  Unknown
vasp_gam           00000000009BEBFB  Unknown               Unknown  Unknown
vasp_gam           0000000001D78C55  Unknown               Unknown  Unknown
vasp_gam           0000000000419D22  Unknown               Unknown  Unknown
libc-2.31.so       00007F0CD951424D  __libc_start_main     Unknown  Unknown
vasp_gam           0000000000419C3A  Unknown               Unknown  Unknown
forrtl: error (78): process killed (SIGTERM)
Image              PC                Routine            Line        Source             
vasp_gam           00000000078FE504  for__signal_handl     Unknown  Unknown
libpthread-2.31.s  00007F1DDBFF9910  Unknown               Unknown  Unknown
libc-2.31.so       00007F1DD94940CA  clock_nanosleep       Unknown  Unknown
libc-2.31.so       00007F1DD9499E43  nanosleep             Unknown  Unknown
libc-2.31.so       00007F1DD9499D5A  sleep                 Unknown  Unknown
vasp_gam           000000000044552B  Unknown               Unknown  Unknown
vasp_gam           000000000042B316  Unknown               Unknown  Unknown
vasp_gam           00000000009BEBFB  Unknown               Unknown  Unknown
vasp_gam           0000000001D78C55  Unknown               Unknown  Unknown
vasp_gam           0000000000419D22  Unknown               Unknown  Unknown
libc-2.31.so       00007F1DD93ED24D  __libc_start_main     Unknown  Unknown
vasp_gam           0000000000419C3A  Unknown               Unknown  Unknown
forrtl: error (78): process killed (SIGTERM)
Image              PC                Routine            Line        Source             
vasp_gam           00000000078FE504  for__signal_handl     Unknown  Unknown
libpthread-2.31.s  00007F03A6AE9910  Unknown               Unknown  Unknown
libc-2.31.so       00007F03A3F840CA  clock_nanosleep       Unknown  Unknown
libc-2.31.so       00007F03A3F89E43  nanosleep             Unknown  Unknown
libc-2.31.so       00007F03A3F89D5A  sleep                 Unknown  Unknown
vasp_gam           000000000044552B  Unknown               Unknown  Unknown
vasp_gam           000000000042B316  Unknown               Unknown  Unknown
vasp_gam           00000000009BEBFB  Unknown               Unknown  Unknown
vasp_gam           0000000001D78C55  Unknown               Unknown  Unknown
vasp_gam           0000000000419D22  Unknown               Unknown  Unknown
libc-2.31.so       00007F03A3EDD24D  __libc_start_main     Unknown  Unknown
vasp_gam           0000000000419C3A  Unknown               Unknown  Unknown
forrtl: error (78): process killed (SIGTERM)
Image              PC                Routine            Line        Source             
vasp_gam           00000000078FE504  for__signal_handl     Unknown  Unknown
libpthread-2.31.s  00007F878090B910  Unknown               Unknown  Unknown
libc-2.31.so       00007F877DDA60CA  clock_nanosleep       Unknown  Unknown
libc-2.31.so       00007F877DDABE43  nanosleep             Unknown  Unknown
libc-2.31.so       00007F877DDABD5A  sleep                 Unknown  Unknown
vasp_gam           000000000044552B  Unknown               Unknown  Unknown
vasp_gam           000000000042B316  Unknown               Unknown  Unknown
vasp_gam           00000000009BEBFB  Unknown               Unknown  Unknown
vasp_gam           0000000001D78C55  Unknown               Unknown  Unknown
vasp_gam           0000000000419D22  Unknown               Unknown  Unknown
libc-2.31.so       00007F877DCFF24D  __libc_start_main     Unknown  Unknown
vasp_gam           0000000000419C3A  Unknown               Unknown  Unknown
forrtl: error (78): process killed (SIGTERM)
Image              PC                Routine            Line        Source             
vasp_gam           00000000078FE504  for__signal_handl     Unknown  Unknown
libpthread-2.31.s  00007F773C57C910  Unknown               Unknown  Unknown
libc-2.31.so       00007F7739A170CA  clock_nanosleep       Unknown  Unknown
libc-2.31.so       00007F7739A1CE43  nanosleep             Unknown  Unknown
libc-2.31.so       00007F7739A1CD5A  sleep                 Unknown  Unknown
vasp_gam           000000000044552B  Unknown               Unknown  Unknown
vasp_gam           000000000042B316  Unknown               Unknown  Unknown
vasp_gam           00000000009BEBFB  Unknown               Unknown  Unknown
vasp_gam           0000000001D78C55  Unknown               Unknown  Unknown
vasp_gam           0000000000419D22  Unknown               Unknown  Unknown
libc-2.31.so       00007F773997024D  __libc_start_main     Unknown  Unknown
vasp_gam           0000000000419C3A  Unknown               Unknown  Unknown
forrtl: error (78): process killed (SIGTERM)
Image              PC                Routine            Line        Source             
vasp_gam           00000000078FE504  for__signal_handl     Unknown  Unknown
libpthread-2.31.s  00007F5480C71910  Unknown               Unknown  Unknown
libc-2.31.so       00007F547E10C0CA  clock_nanosleep       Unknown  Unknown
libc-2.31.so       00007F547E111E43  nanosleep             Unknown  Unknown
libc-2.31.so       00007F547E111D5A  sleep                 Unknown  Unknown
vasp_gam           000000000044552B  Unknown               Unknown  Unknown
vasp_gam           000000000042B316  Unknown               Unknown  Unknown
vasp_gam           00000000009BEBFB  Unknown               Unknown  Unknown
vasp_gam           0000000001D78C55  Unknown               Unknown  Unknown
vasp_gam           0000000000419D22  Unknown               Unknown  Unknown
libc-2.31.so       00007F547E06524D  __libc_start_main     Unknown  Unknown
vasp_gam           0000000000419C3A  Unknown               Unknown  Unknown
forrtl: error (78): process killed (SIGTERM)
Image              PC                Routine            Line        Source             
vasp_gam           00000000078FE504  for__signal_handl     Unknown  Unknown
libpthread-2.31.s  00007F8DAE4F2910  Unknown               Unknown  Unknown
libc-2.31.so       00007F8DAB98D0CA  clock_nanosleep       Unknown  Unknown
libc-2.31.so       00007F8DAB992E43  nanosleep             Unknown  Unknown
libc-2.31.so       00007F8DAB992D5A  sleep                 Unknown  Unknown
vasp_gam           000000000044552B  Unknown               Unknown  Unknown
vasp_gam           000000000042B316  Unknown               Unknown  Unknown
vasp_gam           00000000009BEBFB  Unknown               Unknown  Unknown
vasp_gam           0000000001D78C55  Unknown               Unknown  Unknown
vasp_gam           0000000000419D22  Unknown               Unknown  Unknown
libc-2.31.so       00007F8DAB8E624D  __libc_start_main     Unknown  Unknown
vasp_gam           0000000000419C3A  Unknown               Unknown  Unknown
forrtl: error (78): process killed (SIGTERM)
Image              PC                Routine            Line        Source             
vasp_gam           00000000078FE504  for__signal_handl     Unknown  Unknown
libpthread-2.31.s  00007F47676EB910  Unknown               Unknown  Unknown
libc-2.31.so       00007F4764B860CA  clock_nanosleep       Unknown  Unknown
libc-2.31.so       00007F4764B8BE43  nanosleep             Unknown  Unknown
libc-2.31.so       00007F4764B8BD5A  sleep                 Unknown  Unknown
vasp_gam           000000000044552B  Unknown               Unknown  Unknown
vasp_gam           000000000042B316  Unknown               Unknown  Unknown
vasp_gam           00000000009BEBFB  Unknown               Unknown  Unknown
vasp_gam           0000000001D78C55  Unknown               Unknown  Unknown
vasp_gam           0000000000419D22  Unknown               Unknown  Unknown
libc-2.31.so       00007F4764ADF24D  __libc_start_main     Unknown  Unknown
vasp_gam           0000000000419C3A  Unknown               Unknown  Unknown
forrtl: error (78): process killed (SIGTERM)
Image              PC                Routine            Line        Source             
vasp_gam           00000000078FE504  for__signal_handl     Unknown  Unknown
libpthread-2.31.s  00007F41EC8B8910  Unknown               Unknown  Unknown
libc-2.31.so       00007F41E9D530CA  clock_nanosleep       Unknown  Unknown
libc-2.31.so       00007F41E9D58E43  nanosleep             Unknown  Unknown
libc-2.31.so       00007F41E9D58D5A  sleep                 Unknown  Unknown
vasp_gam           000000000044552B  Unknown               Unknown  Unknown
vasp_gam           000000000042B316  Unknown               Unknown  Unknown
vasp_gam           00000000009BEBFB  Unknown               Unknown  Unknown
vasp_gam           0000000001D78C55  Unknown               Unknown  Unknown
vasp_gam           0000000000419D22  Unknown               Unknown  Unknown
libc-2.31.so       00007F41E9CAC24D  __libc_start_main     Unknown  Unknown
vasp_gam           0000000000419C3A  Unknown               Unknown  Unknown
forrtl: error (78): process killed (SIGTERM)
Image              PC                Routine            Line        Source             
vasp_gam           00000000078FE504  for__signal_handl     Unknown  Unknown
libpthread-2.31.s  00007F2A48971910  Unknown               Unknown  Unknown
libc-2.31.so       00007F2A45E0C0CA  clock_nanosleep       Unknown  Unknown
libc-2.31.so       00007F2A45E11E43  nanosleep             Unknown  Unknown
libc-2.31.so       00007F2A45E11D5A  sleep                 Unknown  Unknown
vasp_gam           000000000044552B  Unknown               Unknown  Unknown
vasp_gam           000000000042B316  Unknown               Unknown  Unknown
vasp_gam           00000000009BEBFB  Unknown               Unknown  Unknown
vasp_gam           0000000001D78C55  Unknown               Unknown  Unknown
vasp_gam           0000000000419D22  Unknown               Unknown  Unknown
libc-2.31.so       00007F2A45D6524D  __libc_start_main     Unknown  Unknown
vasp_gam           0000000000419C3A  Unknown               Unknown  Unknown
forrtl: error (78): process killed (SIGTERM)
Image              PC                Routine            Line        Source             
vasp_gam           00000000078FE504  for__signal_handl     Unknown  Unknown
libpthread-2.31.s  00007FF63A2A0910  Unknown               Unknown  Unknown
libc-2.31.so       00007FF63773B0CA  clock_nanosleep       Unknown  Unknown
libc-2.31.so       00007FF637740E43  nanosleep             Unknown  Unknown
libc-2.31.so       00007FF637740D5A  sleep                 Unknown  Unknown
vasp_gam           000000000044552B  Unknown               Unknown  Unknown
vasp_gam           000000000042B316  Unknown               Unknown  Unknown
vasp_gam           00000000009BEBFB  Unknown               Unknown  Unknown
vasp_gam           0000000001D78C55  Unknown               Unknown  Unknown
vasp_gam           0000000000419D22  Unknown               Unknown  Unknown
libc-2.31.so       00007FF63769424D  __libc_start_main     Unknown  Unknown
vasp_gam           0000000000419C3A  Unknown               Unknown  Unknown
forrtl: error (78): process killed (SIGTERM)
Image              PC                Routine            Line        Source             
vasp_gam           00000000078FE504  for__signal_handl     Unknown  Unknown
libpthread-2.31.s  00007F5B7E45B910  Unknown               Unknown  Unknown
libc-2.31.so       00007F5B7B8F60CA  clock_nanosleep       Unknown  Unknown
libc-2.31.so       00007F5B7B8FBE43  nanosleep             Unknown  Unknown
libc-2.31.so       00007F5B7B8FBD5A  sleep                 Unknown  Unknown
vasp_gam           000000000044552B  Unknown               Unknown  Unknown
vasp_gam           000000000042B316  Unknown               Unknown  Unknown
vasp_gam           00000000009BEBFB  Unknown               Unknown  Unknown
vasp_gam           0000000001D78C55  Unknown               Unknown  Unknown
vasp_gam           0000000000419D22  Unknown               Unknown  Unknown
libc-2.31.so       00007F5B7B84F24D  __libc_start_main     Unknown  Unknown
vasp_gam           0000000000419C3A  Unknown               Unknown  Unknown
forrtl: error (78): process killed (SIGTERM)
Image              PC                Routine            Line        Source             
vasp_gam           00000000078FE504  for__signal_handl     Unknown  Unknown
libpthread-2.31.s  00007F53355B9910  Unknown               Unknown  Unknown
libc-2.31.so       00007F5332A540CA  clock_nanosleep       Unknown  Unknown
libc-2.31.so       00007F5332A59E43  nanosleep             Unknown  Unknown
libc-2.31.so       00007F5332A59D5A  sleep                 Unknown  Unknown
vasp_gam           000000000044552B  Unknown               Unknown  Unknown
vasp_gam           000000000042B316  Unknown               Unknown  Unknown
vasp_gam           00000000009BEBFB  Unknown               Unknown  Unknown
vasp_gam           0000000001D78C55  Unknown               Unknown  Unknown
vasp_gam           0000000000419D22  Unknown               Unknown  Unknown
libc-2.31.so       00007F53329AD24D  __libc_start_main     Unknown  Unknown
vasp_gam           0000000000419C3A  Unknown               Unknown  Unknown
forrtl: error (78): process killed (SIGTERM)
Image              PC                Routine            Line        Source             
vasp_gam           00000000078FE504  for__signal_handl     Unknown  Unknown
libpthread-2.31.s  00007F5451A0B910  Unknown               Unknown  Unknown
libc-2.31.so       00007F544EEA60CA  clock_nanosleep       Unknown  Unknown
libc-2.31.so       00007F544EEABE43  nanosleep             Unknown  Unknown
libc-2.31.so       00007F544EEABD5A  sleep                 Unknown  Unknown
vasp_gam           000000000044552B  Unknown               Unknown  Unknown
vasp_gam           000000000042B316  Unknown               Unknown  Unknown
vasp_gam           00000000009BEBFB  Unknown               Unknown  Unknown
vasp_gam           0000000001D78C55  Unknown               Unknown  Unknown
vasp_gam           0000000000419D22  Unknown               Unknown  Unknown
libc-2.31.so       00007F544EDFF24D  __libc_start_main     Unknown  Unknown
vasp_gam           0000000000419C3A  Unknown               Unknown  Unknown
forrtl: error (78): process killed (SIGTERM)
Image              PC                Routine            Line        Source             
vasp_gam           00000000078FE504  for__signal_handl     Unknown  Unknown
libpthread-2.31.s  00007FE597A3B910  Unknown               Unknown  Unknown
libc-2.31.so       00007FE594ED60CA  clock_nanosleep       Unknown  Unknown
libc-2.31.so       00007FE594EDBE43  nanosleep             Unknown  Unknown
libc-2.31.so       00007FE594EDBD5A  sleep                 Unknown  Unknown
vasp_gam           000000000044552B  Unknown               Unknown  Unknown
vasp_gam           000000000042B316  Unknown               Unknown  Unknown
vasp_gam           00000000009BEBFB  Unknown               Unknown  Unknown
vasp_gam           0000000001D78C55  Unknown               Unknown  Unknown
vasp_gam           0000000000419D22  Unknown               Unknown  Unknown
libc-2.31.so       00007FE594E2F24D  __libc_start_main     Unknown  Unknown
vasp_gam           0000000000419C3A  Unknown               Unknown  Unknown
forrtl: error (78): process killed (SIGTERM)
Image              PC                Routine            Line        Source             
vasp_gam           00000000078FE504  for__signal_handl     Unknown  Unknown
libpthread-2.31.s  00007F8D716BC910  Unknown               Unknown  Unknown
libc-2.31.so       00007F8D6EB570CA  clock_nanosleep       Unknown  Unknown
libc-2.31.so       00007F8D6EB5CE43  nanosleep             Unknown  Unknown
libc-2.31.so       00007F8D6EB5CD5A  sleep                 Unknown  Unknown
vasp_gam           000000000044552B  Unknown               Unknown  Unknown
vasp_gam           000000000042B316  Unknown               Unknown  Unknown
vasp_gam           00000000009BEBFB  Unknown               Unknown  Unknown
vasp_gam           0000000001D78C55  Unknown               Unknown  Unknown
vasp_gam           0000000000419D22  Unknown               Unknown  Unknown
libc-2.31.so       00007F8D6EAB024D  __libc_start_main     Unknown  Unknown
vasp_gam           0000000000419C3A  Unknown               Unknown  Unknown
forrtl: error (78): process killed (SIGTERM)
Image              PC                Routine            Line        Source             
vasp_gam           00000000078FE504  for__signal_handl     Unknown  Unknown
libpthread-2.31.s  00007F573DD91910  Unknown               Unknown  Unknown
libc-2.31.so       00007F573B22C0CA  clock_nanosleep       Unknown  Unknown
libc-2.31.so       00007F573B231E43  nanosleep             Unknown  Unknown
libc-2.31.so       00007F573B231D5A  sleep                 Unknown  Unknown
vasp_gam           000000000044552B  Unknown               Unknown  Unknown
vasp_gam           000000000042B316  Unknown               Unknown  Unknown
vasp_gam           00000000009BEBFB  Unknown               Unknown  Unknown
vasp_gam           0000000001D78C55  Unknown               Unknown  Unknown
vasp_gam           0000000000419D22  Unknown               Unknown  Unknown
libc-2.31.so       00007F573B18524D  __libc_start_main     Unknown  Unknown
vasp_gam           0000000000419C3A  Unknown               Unknown  Unknown
forrtl: error (78): process killed (SIGTERM)
Image              PC                Routine            Line        Source             
vasp_gam           00000000078FE504  for__signal_handl     Unknown  Unknown
libpthread-2.31.s  00007F863E64B910  Unknown               Unknown  Unknown
libc-2.31.so       00007F863BAE60CA  clock_nanosleep       Unknown  Unknown
libc-2.31.so       00007F863BAEBE43  nanosleep             Unknown  Unknown
libc-2.31.so       00007F863BAEBD5A  sleep                 Unknown  Unknown
vasp_gam           000000000044552B  Unknown               Unknown  Unknown
vasp_gam           000000000042B316  Unknown               Unknown  Unknown
vasp_gam           00000000009BEBFB  Unknown               Unknown  Unknown
vasp_gam           0000000001D78C55  Unknown               Unknown  Unknown
vasp_gam           0000000000419D22  Unknown               Unknown  Unknown
libc-2.31.so       00007F863BA3F24D  __libc_start_main     Unknown  Unknown
vasp_gam           0000000000419C3A  Unknown               Unknown  Unknown
forrtl: error (78): process killed (SIGTERM)
Image              PC                Routine            Line        Source             
vasp_gam           00000000078FE504  for__signal_handl     Unknown  Unknown
libpthread-2.31.s  00007FA4342FF910  Unknown               Unknown  Unknown
libc-2.31.so       00007FA43179A0CA  clock_nanosleep       Unknown  Unknown
libc-2.31.so       00007FA43179FE43  nanosleep             Unknown  Unknown
libc-2.31.so       00007FA43179FD5A  sleep                 Unknown  Unknown
vasp_gam           000000000044552B  Unknown               Unknown  Unknown
vasp_gam           000000000042B316  Unknown               Unknown  Unknown
vasp_gam           00000000009BEBFB  Unknown               Unknown  Unknown
vasp_gam           0000000001D78C55  Unknown               Unknown  Unknown
vasp_gam           0000000000419D22  Unknown               Unknown  Unknown
libc-2.31.so       00007FA4316F324D  __libc_start_main     Unknown  Unknown
vasp_gam           0000000000419C3A  Unknown               Unknown  Unknown
forrtl: error (78): process killed (SIGTERM)
Image              PC                Routine            Line        Source             
vasp_gam           00000000078FE504  for__signal_handl     Unknown  Unknown
libpthread-2.31.s  00007F7720CE6910  Unknown               Unknown  Unknown
libc-2.31.so       00007F771E1810CA  clock_nanosleep       Unknown  Unknown
libc-2.31.so       00007F771E186E43  nanosleep             Unknown  Unknown
libc-2.31.so       00007F771E186D5A  sleep                 Unknown  Unknown
vasp_gam           000000000044552B  Unknown               Unknown  Unknown
vasp_gam           000000000042B316  Unknown               Unknown  Unknown
vasp_gam           00000000009BEBFB  Unknown               Unknown  Unknown
vasp_gam           0000000001D78C55  Unknown               Unknown  Unknown
vasp_gam           0000000000419D22  Unknown               Unknown  Unknown
libc-2.31.so       00007F771E0DA24D  __libc_start_main     Unknown  Unknown
vasp_gam           0000000000419C3A  Unknown               Unknown  Unknown
forrtl: error (78): process killed (SIGTERM)
Image              PC                Routine            Line        Source             
vasp_gam           00000000078FE504  for__signal_handl     Unknown  Unknown
libpthread-2.31.s  00007F394C5D2910  Unknown               Unknown  Unknown
libc-2.31.so       00007F3949A6D0CA  clock_nanosleep       Unknown  Unknown
libc-2.31.so       00007F3949A72E43  nanosleep             Unknown  Unknown
libc-2.31.so       00007F3949A72D5A  sleep                 Unknown  Unknown
vasp_gam           000000000044552B  Unknown               Unknown  Unknown
vasp_gam           000000000042B316  Unknown               Unknown  Unknown
vasp_gam           00000000009BEBFB  Unknown               Unknown  Unknown
vasp_gam           0000000001D78C55  Unknown               Unknown  Unknown
vasp_gam           0000000000419D22  Unknown               Unknown  Unknown
libc-2.31.so       00007F39499C624D  __libc_start_main     Unknown  Unknown
vasp_gam           0000000000419C3A  Unknown               Unknown  Unknown
forrtl: error (78): process killed (SIGTERM)
Image              PC                Routine            Line        Source             
vasp_gam           00000000078FE504  for__signal_handl     Unknown  Unknown
libpthread-2.31.s  00007F3D9FCAF910  Unknown               Unknown  Unknown
libc-2.31.so       00007F3D9D14A0CA  clock_nanosleep       Unknown  Unknown
libc-2.31.so       00007F3D9D14FE43  nanosleep             Unknown  Unknown
libc-2.31.so       00007F3D9D14FD5A  sleep                 Unknown  Unknown
vasp_gam           000000000044552B  Unknown               Unknown  Unknown
vasp_gam           000000000042B316  Unknown               Unknown  Unknown
vasp_gam           00000000009BEBFB  Unknown               Unknown  Unknown
vasp_gam           0000000001D78C55  Unknown               Unknown  Unknown
vasp_gam           0000000000419D22  Unknown               Unknown  Unknown
libc-2.31.so       00007F3D9D0A324D  __libc_start_main     Unknown  Unknown
vasp_gam           0000000000419C3A  Unknown               Unknown  Unknown
forrtl: error (78): process killed (SIGTERM)
Image              PC                Routine            Line        Source             
vasp_gam           00000000078FE504  for__signal_handl     Unknown  Unknown
libpthread-2.31.s  00007FD692215910  Unknown               Unknown  Unknown
libc-2.31.so       00007FD68F6B00CA  clock_nanosleep       Unknown  Unknown
libc-2.31.so       00007FD68F6B5E43  nanosleep             Unknown  Unknown
libc-2.31.so       00007FD68F6B5D5A  sleep                 Unknown  Unknown
vasp_gam           000000000044552B  Unknown               Unknown  Unknown
vasp_gam           000000000042B316  Unknown               Unknown  Unknown
vasp_gam           00000000009BEBFB  Unknown               Unknown  Unknown
vasp_gam           0000000001D78C55  Unknown               Unknown  Unknown
vasp_gam           0000000000419D22  Unknown               Unknown  Unknown
libc-2.31.so       00007FD68F60924D  __libc_start_main     Unknown  Unknown
vasp_gam           0000000000419C3A  Unknown               Unknown  Unknown
forrtl: error (78): process killed (SIGTERM)
Image              PC                Routine            Line        Source             
vasp_gam           00000000078FE504  for__signal_handl     Unknown  Unknown
libpthread-2.31.s  00007F9CF811E910  Unknown               Unknown  Unknown
libc-2.31.so       00007F9CF55B90CA  clock_nanosleep       Unknown  Unknown
libc-2.31.so       00007F9CF55BEE43  nanosleep             Unknown  Unknown
libc-2.31.so       00007F9CF55BED5A  sleep                 Unknown  Unknown
vasp_gam           000000000044552B  Unknown               Unknown  Unknown
vasp_gam           000000000042B316  Unknown               Unknown  Unknown
vasp_gam           00000000009BEBFB  Unknown               Unknown  Unknown
vasp_gam           0000000001D78C55  Unknown               Unknown  Unknown
vasp_gam           0000000000419D22  Unknown               Unknown  Unknown
libc-2.31.so       00007F9CF551224D  __libc_start_main     Unknown  Unknown
vasp_gam           0000000000419C3A  Unknown               Unknown  Unknown
forrtl: error (78): process killed (SIGTERM)
Image              PC                Routine            Line        Source             
vasp_gam           00000000078FE504  for__signal_handl     Unknown  Unknown
libpthread-2.31.s  00007FC028832910  Unknown               Unknown  Unknown
libc-2.31.so       00007FC025CCD0CA  clock_nanosleep       Unknown  Unknown
libc-2.31.so       00007FC025CD2E43  nanosleep             Unknown  Unknown
libc-2.31.so       00007FC025CD2D5A  sleep                 Unknown  Unknown
vasp_gam           000000000044552B  Unknown               Unknown  Unknown
vasp_gam           000000000042B316  Unknown               Unknown  Unknown
vasp_gam           00000000009BEBFB  Unknown               Unknown  Unknown
vasp_gam           0000000001D78C55  Unknown               Unknown  Unknown
vasp_gam           0000000000419D22  Unknown               Unknown  Unknown
libc-2.31.so       00007FC025C2624D  __libc_start_main     Unknown  Unknown
vasp_gam           0000000000419C3A  Unknown               Unknown  Unknown
forrtl: error (78): process killed (SIGTERM)
Image              PC                Routine            Line        Source             
vasp_gam           00000000078FE504  for__signal_handl     Unknown  Unknown
libpthread-2.31.s  00007F5552569910  Unknown               Unknown  Unknown
libc-2.31.so       00007F554FA040CA  clock_nanosleep       Unknown  Unknown
libc-2.31.so       00007F554FA09E43  nanosleep             Unknown  Unknown
libc-2.31.so       00007F554FA09D5A  sleep                 Unknown  Unknown
vasp_gam           000000000044552B  Unknown               Unknown  Unknown
vasp_gam           000000000042B316  Unknown               Unknown  Unknown
vasp_gam           00000000009BEBFB  Unknown               Unknown  Unknown
vasp_gam           0000000001D78C55  Unknown               Unknown  Unknown
vasp_gam           0000000000419D22  Unknown               Unknown  Unknown
libc-2.31.so       00007F554F95D24D  __libc_start_main     Unknown  Unknown
vasp_gam           0000000000419C3A  Unknown               Unknown  Unknown
forrtl: error (78): process killed (SIGTERM)
Image              PC                Routine            Line        Source             
vasp_gam           00000000078FE504  for__signal_handl     Unknown  Unknown
libpthread-2.31.s  00007F7CC693E910  Unknown               Unknown  Unknown
libc-2.31.so       00007F7CC3DD90CA  clock_nanosleep       Unknown  Unknown
libc-2.31.so       00007F7CC3DDEE43  nanosleep             Unknown  Unknown
libc-2.31.so       00007F7CC3DDED5A  sleep                 Unknown  Unknown
vasp_gam           000000000044552B  Unknown               Unknown  Unknown
vasp_gam           000000000042B316  Unknown               Unknown  Unknown
vasp_gam           00000000009BEBFB  Unknown               Unknown  Unknown
vasp_gam           0000000001D78C55  Unknown               Unknown  Unknown
vasp_gam           0000000000419D22  Unknown               Unknown  Unknown
libc-2.31.so       00007F7CC3D3224D  __libc_start_main     Unknown  Unknown
vasp_gam           0000000000419C3A  Unknown               Unknown  Unknown
forrtl: error (78): process killed (SIGTERM)
Image              PC                Routine            Line        Source             
vasp_gam           00000000078FE504  for__signal_handl     Unknown  Unknown
libpthread-2.31.s  00007FCD47E5B910  Unknown               Unknown  Unknown
libc-2.31.so       00007FCD452F60CA  clock_nanosleep       Unknown  Unknown
libc-2.31.so       00007FCD452FBE43  nanosleep             Unknown  Unknown
libc-2.31.so       00007FCD452FBD5A  sleep                 Unknown  Unknown
vasp_gam           000000000044552B  Unknown               Unknown  Unknown
vasp_gam           000000000042B316  Unknown               Unknown  Unknown
vasp_gam           00000000009BEBFB  Unknown               Unknown  Unknown
vasp_gam           0000000001D78C55  Unknown               Unknown  Unknown
vasp_gam           0000000000419D22  Unknown               Unknown  Unknown
libc-2.31.so       00007FCD4524F24D  __libc_start_main     Unknown  Unknown
vasp_gam           0000000000419C3A  Unknown               Unknown  Unknown
forrtl: error (78): process killed (SIGTERM)
Image              PC                Routine            Line        Source             
vasp_gam           00000000078FE504  for__signal_handl     Unknown  Unknown
libpthread-2.31.s  00007F0D4E172910  Unknown               Unknown  Unknown
libc-2.31.so       00007F0D4B60D0CA  clock_nanosleep       Unknown  Unknown
libc-2.31.so       00007F0D4B612E43  nanosleep             Unknown  Unknown
libc-2.31.so       00007F0D4B612D5A  sleep                 Unknown  Unknown
vasp_gam           000000000044552B  Unknown               Unknown  Unknown
vasp_gam           000000000042B316  Unknown               Unknown  Unknown
vasp_gam           00000000009BEBFB  Unknown               Unknown  Unknown
vasp_gam           0000000001D78C55  Unknown               Unknown  Unknown
vasp_gam           0000000000419D22  Unknown               Unknown  Unknown
libc-2.31.so       00007F0D4B56624D  __libc_start_main     Unknown  Unknown
vasp_gam           0000000000419C3A  Unknown               Unknown  Unknown
forrtl: error (78): process killed (SIGTERM)
Image              PC                Routine            Line        Source             
vasp_gam           00000000078FE504  for__signal_handl     Unknown  Unknown
libpthread-2.31.s  00007F0BC4409910  Unknown               Unknown  Unknown
libc-2.31.so       00007F0BC18A40CA  clock_nanosleep       Unknown  Unknown
libc-2.31.so       00007F0BC18A9E43  nanosleep             Unknown  Unknown
libc-2.31.so       00007F0BC18A9D5A  sleep                 Unknown  Unknown
vasp_gam           000000000044552B  Unknown               Unknown  Unknown
vasp_gam           000000000042B316  Unknown               Unknown  Unknown
vasp_gam           00000000009BEBFB  Unknown               Unknown  Unknown
vasp_gam           0000000001D78C55  Unknown               Unknown  Unknown
vasp_gam           0000000000419D22  Unknown               Unknown  Unknown
libc-2.31.so       00007F0BC17FD24D  __libc_start_main     Unknown  Unknown
vasp_gam           0000000000419C3A  Unknown               Unknown  Unknown
forrtl: error (78): process killed (SIGTERM)
Image              PC                Routine            Line        Source             
vasp_gam           00000000078FE504  for__signal_handl     Unknown  Unknown
libpthread-2.31.s  00007F7E84444910  Unknown               Unknown  Unknown
libc-2.31.so       00007F7E818DF0CA  clock_nanosleep       Unknown  Unknown
libc-2.31.so       00007F7E818E4E43  nanosleep             Unknown  Unknown
libc-2.31.so       00007F7E818E4D5A  sleep                 Unknown  Unknown
vasp_gam           000000000044552B  Unknown               Unknown  Unknown
vasp_gam           000000000042B316  Unknown               Unknown  Unknown
vasp_gam           00000000009BEBFB  Unknown               Unknown  Unknown
vasp_gam           0000000001D78C55  Unknown               Unknown  Unknown
vasp_gam           0000000000419D22  Unknown               Unknown  Unknown
libc-2.31.so       00007F7E8183824D  __libc_start_main     Unknown  Unknown
vasp_gam           0000000000419C3A  Unknown               Unknown  Unknown
forrtl: error (78): process killed (SIGTERM)
Image              PC                Routine            Line        Source             
vasp_gam           00000000078FE504  for__signal_handl     Unknown  Unknown
libpthread-2.31.s  00007F28D3CE2910  Unknown               Unknown  Unknown
libc-2.31.so       00007F28D117D0CA  clock_nanosleep       Unknown  Unknown
libc-2.31.so       00007F28D1182E43  nanosleep             Unknown  Unknown
libc-2.31.so       00007F28D1182D5A  sleep                 Unknown  Unknown
vasp_gam           000000000044552B  Unknown               Unknown  Unknown
vasp_gam           000000000042B316  Unknown               Unknown  Unknown
vasp_gam           00000000009BEBFB  Unknown               Unknown  Unknown
vasp_gam           0000000001D78C55  Unknown               Unknown  Unknown
vasp_gam           0000000000419D22  Unknown               Unknown  Unknown
libc-2.31.so       00007F28D10D624D  __libc_start_main     Unknown  Unknown
vasp_gam           0000000000419C3A  Unknown               Unknown  Unknown
forrtl: error (78): process killed (SIGTERM)
Image              PC                Routine            Line        Source             
vasp_gam           00000000078FE504  for__signal_handl     Unknown  Unknown
libpthread-2.31.s  00007F6F142AA910  Unknown               Unknown  Unknown
libc-2.31.so       00007F6F117450CA  clock_nanosleep       Unknown  Unknown
libc-2.31.so       00007F6F1174AE43  nanosleep             Unknown  Unknown
libc-2.31.so       00007F6F1174AD5A  sleep                 Unknown  Unknown
vasp_gam           000000000044552B  Unknown               Unknown  Unknown
vasp_gam           000000000042B316  Unknown               Unknown  Unknown
vasp_gam           00000000009BEBFB  Unknown               Unknown  Unknown
vasp_gam           0000000001D78C55  Unknown               Unknown  Unknown
vasp_gam           0000000000419D22  Unknown               Unknown  Unknown
libc-2.31.so       00007F6F1169E24D  __libc_start_main     Unknown  Unknown
vasp_gam           0000000000419C3A  Unknown               Unknown  Unknown
forrtl: error (78): process killed (SIGTERM)
Image              PC                Routine            Line        Source             
vasp_gam           00000000078FE504  for__signal_handl     Unknown  Unknown
libpthread-2.31.s  00007F1AB5B8A910  Unknown               Unknown  Unknown
libc-2.31.so       00007F1AB30250CA  clock_nanosleep       Unknown  Unknown
libc-2.31.so       00007F1AB302AE43  nanosleep             Unknown  Unknown
libc-2.31.so       00007F1AB302AD5A  sleep                 Unknown  Unknown
vasp_gam           000000000044552B  Unknown               Unknown  Unknown
vasp_gam           000000000042B316  Unknown               Unknown  Unknown
vasp_gam           00000000009BEBFB  Unknown               Unknown  Unknown
vasp_gam           0000000001D78C55  Unknown               Unknown  Unknown
vasp_gam           0000000000419D22  Unknown               Unknown  Unknown
libc-2.31.so       00007F1AB2F7E24D  __libc_start_main     Unknown  Unknown
vasp_gam           0000000000419C3A  Unknown               Unknown  Unknown
forrtl: error (78): process killed (SIGTERM)
Image              PC                Routine            Line        Source             
vasp_gam           00000000078FE504  for__signal_handl     Unknown  Unknown
libpthread-2.31.s  00007F4A6DAC0910  Unknown               Unknown  Unknown
libc-2.31.so       00007F4A6AF5B0CA  clock_nanosleep       Unknown  Unknown
libc-2.31.so       00007F4A6AF60E43  nanosleep             Unknown  Unknown
libc-2.31.so       00007F4A6AF60D5A  sleep                 Unknown  Unknown
vasp_gam           000000000044552B  Unknown               Unknown  Unknown
vasp_gam           000000000042B316  Unknown               Unknown  Unknown
vasp_gam           00000000009BEBFB  Unknown               Unknown  Unknown
vasp_gam           0000000001D78C55  Unknown               Unknown  Unknown
vasp_gam           0000000000419D22  Unknown               Unknown  Unknown
libc-2.31.so       00007F4A6AEB424D  __libc_start_main     Unknown  Unknown
vasp_gam           0000000000419C3A  Unknown               Unknown  Unknown
forrtl: error (78): process killed (SIGTERM)
Image              PC                Routine            Line        Source             
vasp_gam           00000000078FE504  for__signal_handl     Unknown  Unknown
libpthread-2.31.s  00007F1B3698B910  Unknown               Unknown  Unknown
libc-2.31.so       00007F1B33E260CA  clock_nanosleep       Unknown  Unknown
libc-2.31.so       00007F1B33E2BE43  nanosleep             Unknown  Unknown
libc-2.31.so       00007F1B33E2BD5A  sleep                 Unknown  Unknown
vasp_gam           000000000044552B  Unknown               Unknown  Unknown
vasp_gam           000000000042B316  Unknown               Unknown  Unknown
vasp_gam           00000000009BEBFB  Unknown               Unknown  Unknown
vasp_gam           0000000001D78C55  Unknown               Unknown  Unknown
vasp_gam           0000000000419D22  Unknown               Unknown  Unknown
libc-2.31.so       00007F1B33D7F24D  __libc_start_main     Unknown  Unknown
vasp_gam           0000000000419C3A  Unknown               Unknown  Unknown
forrtl: error (78): process killed (SIGTERM)
Image              PC                Routine            Line        Source             
vasp_gam           00000000078FE504  for__signal_handl     Unknown  Unknown
libpthread-2.31.s  00007F7610292910  Unknown               Unknown  Unknown
libc-2.31.so       00007F760D72D0CA  clock_nanosleep       Unknown  Unknown
libc-2.31.so       00007F760D732E43  nanosleep             Unknown  Unknown
libc-2.31.so       00007F760D732D5A  sleep                 Unknown  Unknown
vasp_gam           000000000044552B  Unknown               Unknown  Unknown
vasp_gam           000000000042B316  Unknown               Unknown  Unknown
vasp_gam           00000000009BEBFB  Unknown               Unknown  Unknown
vasp_gam           0000000001D78C55  Unknown               Unknown  Unknown
vasp_gam           0000000000419D22  Unknown               Unknown  Unknown
libc-2.31.so       00007F760D68624D  __libc_start_main     Unknown  Unknown
vasp_gam           0000000000419C3A  Unknown               Unknown  Unknown
forrtl: error (78): process killed (SIGTERM)
Image              PC                Routine            Line        Source             
vasp_gam           00000000078FE504  for__signal_handl     Unknown  Unknown
libpthread-2.31.s  00007F836C6E3910  Unknown               Unknown  Unknown
libc-2.31.so       00007F8369B7E0CA  clock_nanosleep       Unknown  Unknown
libc-2.31.so       00007F8369B83E43  nanosleep             Unknown  Unknown
libc-2.31.so       00007F8369B83D5A  sleep                 Unknown  Unknown
vasp_gam           000000000044552B  Unknown               Unknown  Unknown
vasp_gam           000000000042B316  Unknown               Unknown  Unknown
vasp_gam           00000000009BEBFB  Unknown               Unknown  Unknown
vasp_gam           0000000001D78C55  Unknown               Unknown  Unknown
vasp_gam           0000000000419D22  Unknown               Unknown  Unknown
libc-2.31.so       00007F8369AD724D  __libc_start_main     Unknown  Unknown
vasp_gam           0000000000419C3A  Unknown               Unknown  Unknown
forrtl: error (78): process killed (SIGTERM)
Image              PC                Routine            Line        Source             
vasp_gam           00000000078FE504  for__signal_handl     Unknown  Unknown
libpthread-2.31.s  00007F8C528D5910  Unknown               Unknown  Unknown
libc-2.31.so       00007F8C4FD700CA  clock_nanosleep       Unknown  Unknown
libc-2.31.so       00007F8C4FD75E43  nanosleep             Unknown  Unknown
libc-2.31.so       00007F8C4FD75D5A  sleep                 Unknown  Unknown
vasp_gam           000000000044552B  Unknown               Unknown  Unknown
vasp_gam           000000000042B316  Unknown               Unknown  Unknown
vasp_gam           00000000009BEBFB  Unknown               Unknown  Unknown
vasp_gam           0000000001D78C55  Unknown               Unknown  Unknown
vasp_gam           0000000000419D22  Unknown               Unknown  Unknown
libc-2.31.so       00007F8C4FCC924D  __libc_start_main     Unknown  Unknown
vasp_gam           0000000000419C3A  Unknown               Unknown  Unknown
forrtl: error (78): process killed (SIGTERM)
Image              PC                Routine            Line        Source             
vasp_gam           00000000078FE504  for__signal_handl     Unknown  Unknown
libpthread-2.31.s  00007F060F85D910  Unknown               Unknown  Unknown
libc-2.31.so       00007F060CCF80CA  clock_nanosleep       Unknown  Unknown
libc-2.31.so       00007F060CCFDE43  nanosleep             Unknown  Unknown
libc-2.31.so       00007F060CCFDD5A  sleep                 Unknown  Unknown
vasp_gam           000000000044552B  Unknown               Unknown  Unknown
vasp_gam           000000000042B316  Unknown               Unknown  Unknown
vasp_gam           00000000009BEBFB  Unknown               Unknown  Unknown
vasp_gam           0000000001D78C55  Unknown               Unknown  Unknown
vasp_gam           0000000000419D22  Unknown               Unknown  Unknown
libc-2.31.so       00007F060CC5124D  __libc_start_main     Unknown  Unknown
vasp_gam           0000000000419C3A  Unknown               Unknown  Unknown
forrtl: error (78): process killed (SIGTERM)
Image              PC                Routine            Line        Source             
vasp_gam           00000000078FE504  for__signal_handl     Unknown  Unknown
libpthread-2.31.s  00007F58A4D31910  Unknown               Unknown  Unknown
libc-2.31.so       00007F58A21CC0CA  clock_nanosleep       Unknown  Unknown
libc-2.31.so       00007F58A21D1E43  nanosleep             Unknown  Unknown
libc-2.31.so       00007F58A21D1D5A  sleep                 Unknown  Unknown
vasp_gam           000000000044552B  Unknown               Unknown  Unknown
vasp_gam           000000000042B316  Unknown               Unknown  Unknown
vasp_gam           00000000009BEBFB  Unknown               Unknown  Unknown
vasp_gam           0000000001D78C55  Unknown               Unknown  Unknown
vasp_gam           0000000000419D22  Unknown               Unknown  Unknown
libc-2.31.so       00007F58A212524D  __libc_start_main     Unknown  Unknown
vasp_gam           0000000000419C3A  Unknown               Unknown  Unknown
forrtl: error (78): process killed (SIGTERM)
Image              PC                Routine            Line        Source             
vasp_gam           00000000078FE504  for__signal_handl     Unknown  Unknown
libpthread-2.31.s  00007F9C59274910  Unknown               Unknown  Unknown
libc-2.31.so       00007F9C5670F0CA  clock_nanosleep       Unknown  Unknown
libc-2.31.so       00007F9C56714E43  nanosleep             Unknown  Unknown
libc-2.31.so       00007F9C56714D5A  sleep                 Unknown  Unknown
vasp_gam           000000000044552B  Unknown               Unknown  Unknown
vasp_gam           000000000042B316  Unknown               Unknown  Unknown
vasp_gam           00000000009BEBFB  Unknown               Unknown  Unknown
vasp_gam           0000000001D78C55  Unknown               Unknown  Unknown
vasp_gam           0000000000419D22  Unknown               Unknown  Unknown
libc-2.31.so       00007F9C5666824D  __libc_start_main     Unknown  Unknown
vasp_gam           0000000000419C3A  Unknown               Unknown  Unknown
forrtl: error (78): process killed (SIGTERM)
Image              PC                Routine            Line        Source             
vasp_gam           00000000078FE504  for__signal_handl     Unknown  Unknown
libpthread-2.31.s  00007F4AC06EC910  Unknown               Unknown  Unknown
libc-2.31.so       00007F4ABDB870CA  clock_nanosleep       Unknown  Unknown
libc-2.31.so       00007F4ABDB8CE43  nanosleep             Unknown  Unknown
libc-2.31.so       00007F4ABDB8CD5A  sleep                 Unknown  Unknown
vasp_gam           000000000044552B  Unknown               Unknown  Unknown
vasp_gam           000000000042B316  Unknown               Unknown  Unknown
vasp_gam           00000000009BEBFB  Unknown               Unknown  Unknown
vasp_gam           0000000001D78C55  Unknown               Unknown  Unknown
vasp_gam           0000000000419D22  Unknown               Unknown  Unknown
libc-2.31.so       00007F4ABDAE024D  __libc_start_main     Unknown  Unknown
vasp_gam           0000000000419C3A  Unknown               Unknown  Unknown
forrtl: error (78): process killed (SIGTERM)
Image              PC                Routine            Line        Source             
vasp_gam           00000000078FE504  for__signal_handl     Unknown  Unknown
libpthread-2.31.s  00007F6F64AAA910  Unknown               Unknown  Unknown
libc-2.31.so       00007F6F61F450CA  clock_nanosleep       Unknown  Unknown
libc-2.31.so       00007F6F61F4AE43  nanosleep             Unknown  Unknown
libc-2.31.so       00007F6F61F4AD5A  sleep                 Unknown  Unknown
vasp_gam           000000000044552B  Unknown               Unknown  Unknown
vasp_gam           000000000042B316  Unknown               Unknown  Unknown
vasp_gam           00000000009BEBFB  Unknown               Unknown  Unknown
vasp_gam           0000000001D78C55  Unknown               Unknown  Unknown
vasp_gam           0000000000419D22  Unknown               Unknown  Unknown
libc-2.31.so       00007F6F61E9E24D  __libc_start_main     Unknown  Unknown
vasp_gam           0000000000419C3A  Unknown               Unknown  Unknown
forrtl: error (78): process killed (SIGTERM)
Image              PC                Routine            Line        Source             
vasp_gam           00000000078FE504  for__signal_handl     Unknown  Unknown
libpthread-2.31.s  00007F306638D910  Unknown               Unknown  Unknown
libc-2.31.so       00007F30638280CA  clock_nanosleep       Unknown  Unknown
libc-2.31.so       00007F306382DE43  nanosleep             Unknown  Unknown
libc-2.31.so       00007F306382DD5A  sleep                 Unknown  Unknown
vasp_gam           000000000044552B  Unknown               Unknown  Unknown
vasp_gam           000000000042B316  Unknown               Unknown  Unknown
vasp_gam           00000000009BEBFB  Unknown               Unknown  Unknown
vasp_gam           0000000001D78C55  Unknown               Unknown  Unknown
vasp_gam           0000000000419D22  Unknown               Unknown  Unknown
libc-2.31.so       00007F306378124D  __libc_start_main     Unknown  Unknown
vasp_gam           0000000000419C3A  Unknown               Unknown  Unknown
forrtl: error (78): process killed (SIGTERM)
Image              PC                Routine            Line        Source             
vasp_gam           00000000078FE504  for__signal_handl     Unknown  Unknown
libpthread-2.31.s  00007F2AE94CB910  Unknown               Unknown  Unknown
libc-2.31.so       00007F2AE69660CA  clock_nanosleep       Unknown  Unknown
libc-2.31.so       00007F2AE696BE43  nanosleep             Unknown  Unknown
libc-2.31.so       00007F2AE696BD5A  sleep                 Unknown  Unknown
vasp_gam           000000000044552B  Unknown               Unknown  Unknown
vasp_gam           000000000042B316  Unknown               Unknown  Unknown
vasp_gam           00000000009BEBFB  Unknown               Unknown  Unknown
vasp_gam           0000000001D78C55  Unknown               Unknown  Unknown
vasp_gam           0000000000419D22  Unknown               Unknown  Unknown
libc-2.31.so       00007F2AE68BF24D  __libc_start_main     Unknown  Unknown
vasp_gam           0000000000419C3A  Unknown               Unknown  Unknown
srun: error: nid00748: tasks 0-48,50-51,53-91,93-191: Exited with exit code 1
srun: error: nid00748: task 92: Exited with exit code 174
srun: error: nid00748: task 49: Aborted (core dumped)
